sn,id,name,FinalCounty,location
1,159604506, sstroh84 ,, Columbus Ohio
2,21493886, KathyBenjamin ,, Austin Texas
3,2268321580, DrJacaranda ,, 
4,345858289, mishayah ,, Washington State outback
5,7.15E+17, AaronSims31 ,, 
6,7.08E+17, SayPabon ,, Deep in the swomps 
7,869025762, Wolfiedoggy ,, 
8,22500550, Enlighten2881 ,, 
9,1956835585, CoakleyRapist ,, MCI
10,3622223535, shirleyvc725 ,, North Carolina USA
11,2941051091, squzzle ,, Mooresville NC
12,814922180, eracle4 ,, 
13,3185009626, VinceFosterJr ,, Fort Marcy Park VA
14,849556892, DWinderbaum ,, Long Island New York
15,1947900744, C4Constitution ,, 
16,132722100, dej388 ,, 
17,1376035327, dgdocter12 ,, Seattle - The Emerald City
18,4856145406, JoxuaLuxor ,, 
19,414956114, KwaakYola ,, USA
20,7.03E+17, Jen_N_Russ ,, Greensboro NC
21,715261196, RickBaker17 ,, PA
22,4644515728, shagsterjo ,, Edinburgh IN
23,926319505, FalconYourHero ,, 
24,1114477892, mary_orders ,, 
25,2481146024, JackieWillard2 ,, texas
26,235662557, jcoxner ,, South Carolina
27,3006482092, KillaryKKlinton ,, Running. 
28,980184488, eput666 ,, 
29,325102575, crazyfamilyomg ,, South Texas
30,7.15E+17, AaronSims31 ,, 
31,1930793629, mgd4177 ,, NW Indiana
32,614841173, DWG_958 ,, 
33,419147701, TexasFirestorm ,, Deep in the heart of Texas
34,384005220, woitekj ,, 
35,49452556, DarkStream ,, Trumpsylvania
36,971702731, euppanu437 ,, New york
37,3372671914, francesdavis78 ,, 
38,423625300, discjocke52 ,, United States Ukraine
39,423625300, discjocke52 ,, United States Ukraine
40,860691823, LOYALtoTRUMP ,, 
41,22429865, patientgrshppr ,, Michigan USA
42,383418826, c5hardtop1999 ,, Cranberry Country
43,3220418570, coastin42 ,, California
44,424256116, OHSportsGirl ,, 
45,374051092, heath_karen ,, Oklahoma City OK
46,531854855, davidhe46361805 ,, Fremont.Ca
47,4855625836, cinderella2b ,, North Carolina USA
48,971702731, euppanu437 ,, New york
49,3739426048, optimistic_now ,, 
50,4501498394, Vote4TrumpPrez ,, USA
51,2423084821, TheThreeFuries ,, The Non-Islamic World
52,2789826107, Jurygal08 ,, PhiladelphiaPA
53,391616623, cedrictillman ,, Charlotte NC
54,3958532542, StuckeyFreddy ,, Montgomery AL
55,3536120422, Socratic_Oath ,, Athens Greece
56,28472104, SpiritEquality ,, DC by way of New Orleans
57,7.08E+17, BaBea39 ,, 
58,4019065804, DustiSwgel ,, United States
59,2379259568, cos_tennessee ,, Tennessee
60,2249692951, Time4Armor ,, GREAT STATE OF TEXAS 
61,110978799, gayle639 ,, 
62,2816395922, TickerTapeVote ,, GREAT STATE OF TEXAS ??
63,920161381, ForQ2 ,, USA
64,28259599, CarolynG0213 ,, SoFlo
65,3054499791, georgiano_king ,, United States
66,121656624, PJStrikeForce ,, Great State Of TEXAS ??
67,2877376161, weavetheone ,, 
68,355151947, O_IrishT ,, Tennessee USA
69,860066108, CErdley ,, 
70,2763007723, SweepsFox ,, 
71,50567379, kewlwench13 ,, New York City
72,3927572774, hale4jesus ,, 
73,35567361, _Christophoros_ ,, Texas
74,200163987, healthandcents ,, AZ  TX www.MedExpertChile.com 
75,950738846, FroodyWisco ,, BirchWalkerstan Labor Camp 79 
76,2180959435, ManBearSquid1 ,, Do you want to Assimilate?
77,4214490557, MariuAntonini ,, Suwanee GA
78,4774170301, WhoShouldIVote4 ,, United States
79,34001553, oneluckybean_ ,, New York USA
80,3407373749, sarahbluewave ,, HollywoodFl
81,439555636, dannykorcz ,, Islandia NY
82,3321777673, PDN_Spring ,, 
83,235672285, WidowFike ,, 
84,2934738424, Santino__ ,, Intercourse PA
85,3151821750, CharlotteOnder1 ,, NEOhio
86,1349829794, SableViews ,, rural Wisconsin USA
87,971704531, 6yyumj ,, USA
88,4221892522, rose10052 ,, mid west
89,3060330596, Virginia_Girl57 ,, Virginia USA
90,573827350, janimuc ,, 
91,2431107457, LiveNewsyTweets ,, 
92,779229733, lambdallas ,, Dublin City Ireland
93,187351126, KMCaton ,, 
94,3317319301, ktd101551 ,, 
95,7.08E+17, SayPabon ,, Deep in the swomps 
96,4886272079, BettyGibet ,, 
97,2484502645, MarcZbikowski ,, Seattle
98,4605113535, julie_cappiello ,, 
99,1376035327, dgdocter12 ,, Seattle - The Emerald City
100,7.09E+17, jojos6Texas ,, 
101,135857034, D_Raval ,, LondonUK
102,7.09E+17, jojos6Texas ,, 
103,2492252882, MarlboroughRCC ,, Marlborough CT
104,7.09E+17, jojos6Texas ,, 
105,4871126956, ShadowSalute ,, 
106,24661757, 73degrees ,, People's Republic of Hellinois
107,305017129, AModelsMom2011 ,, 
108,2887604717, thesmallbluebox ,, new york
109,2909746906, Jimpilner123 ,, 
110,394319229, LorenJ1975 ,, San Jose CA
111,4086424329, marineshamus ,, 
112,3720737542, Leetalklee ,, Florida USA
113,3320545346, PennyHicks13 ,, Nevada USA
114,2877503969, mynameissquatch ,, Yukon OK
115,2925427781, clasky26 ,, 
116,3670164914, liuwailng423 ,, 
117,15502432, PartingThots ,, 
118,928182889, mom4JesusinNC ,, 
119,715539325, eddiewynn7 ,, Staten Island NY 
120,2239721785, flossbish ,, 
121,3352899432, VaccinesCanHarm ,, 
122,1138674656, anaevans339 ,, AZ
123,4422984375, philmonaco67 ,, United States
124,159122016, beneleo ,, Florida
125,350355017, honokeana ,, Huntington Beach CA
126,2852506181, SteveLikeANinja ,, far away from Bernie Sanders
127,1934787661, NaphiSoc ,, Rockies MST
128,22337697, dragonhums ,, Washington State
129,4761415980, Purplehayes57 ,, Los Angeles CA
130,1379288282, peddoc63 ,, 
131,108475786, teekat1 ,, Missouri USA
132,108475786, teekat1 ,, Missouri USA
133,394817605, ElectedMob ,, San Diego
134,512756554, DreanVdre ,,  Florida/Michigan my homestate
135,3872826447, VenusDuque1 ,, 
136,65931246, good4politics ,, Fled DC on the road
137,17586312, fitethegoodfite ,, Republic of Texas
138,14745490, Lawrence_n_DC ,, Washington DC
139,1497052566, Smokyjo1 ,, 
140,926383879, vickijee ,, 
141,541371752, DrJerryFowler ,, WorldWide
142,4912725674, eye2winner ,, Colorado City AZ
143,1905590958, stevej132 ,, south carolina
144,43368583, RightnTexas ,, Texas
145,721241231, marylener9 ,, #SisterPatriot
146,17562569, raulita ,, 
147,21622754, alta247 ,, 
148,3656965641, harrisonterri55 ,, 
149,3111642198, molmar54 ,, 
150,7.06E+17, RichardNov5th ,, Chicago IL
151,7.06E+17, RichardNov5th ,, Chicago IL
152,398354613, VirginiaInCal ,, CAUSA
153,7.04E+17, RobertaLSpence2 ,, New York USA
154,3826785916, susanbirchfiel1 ,, 
155,2183577439, ReallyDontTrump ,, 
156,345411282, beyondnothing74 ,, hostile territory
157,4700477725, tony_sanky ,, 
158,1343300730, jillybeangibson ,, Illinois USA
159,109404985, PhoenixWomanMN ,, 
160,3826785916, susanbirchfiel1 ,, 
161,143115107, truthglow ,, 
162,334672145, exciting2u ,, SC via DC
163,21619317, PITBULL95 ,, Hollywood FL
164,3066863551, dissident641 ,, 
165,3633358032, cali_liberal ,, Los Angeles CA
166,16426293, mampdx ,, Portland OR 
167,480506272, thmsintdesign ,, Cleveland  Ohio
168,715539325, eddiewynn7 ,, Staten Island NY 
169,709521655, heaveemetal ,, Denver Colorado. Fun Times
170,359617816, modrtmike ,, California
171,4676174161, MaryEll36176646 ,,  USA
172,532215125, JerryBarr7 ,, South Carolina
173,2911584743, CooperAdkins ,, Worthington KY
174,1201451755, WintropeMtheIII ,, Mildew Ohio
175,3903251179, KSmith233035 ,, 
176,112026869, adam_m_jcbs ,, Coram
177,15828358, dayvidgomez ,, California
178,7.15E+17, AaronSims31 ,, 
179,48378236, DanMKervick ,, Bow New Hampshire USA
180,1389824197, NiteSteppin ,, 
181,176492112, amyhendo_ ,, go noles
182,272068801, beleagueredst ,, Carlisle
183,2889924959, TrueFactsStated ,, undisclosed location near DC
184,1195709749, endhomelesnes ,, 
185,1246900826, cscstars ,, 
186,143630148, Dave_Lane12 ,, Ankeny IA
187,971694829, 279dds ,, 
188,469984784, DHCalifornicus ,, Manhattan Beach CA
189,937475790, HubbsJim ,, 
190,7.03E+17, NormanDMuelle ,, 
191,1930957724, 4Billy_Jack ,, #NEVERTRUMP.  EVER. 
192,1604590356, JoeyEDawes ,, Cave City AR
193,7.13E+17, ChristinaCao110 ,, USA
194,779097842, queenofaragon_ ,, Ad Astra Per Aspera?
195,2453605819, cherry_bethea ,, California
196,7.13E+17, AlbionsSeed ,, 
197,4060522877, 1911G_fan ,, A red state thankfully
198,3883733953, brujeff77 ,, 
199,142015635, Larryputt ,, VA/NC/SC
200,3358652128, arknightdale ,, Charlotte NC
201,49856621, Kelagon ,, 
202,65679563, valdigiacinto ,, East Hanover NJ
203,3404728337, Blondeadroit ,, 
204,122819549, JACK__SHAW ,, CHICAGO/OKC
205,2286014678, ggbootsrock ,, 
206,3610934895, Campaign_Watch ,, 
207,14372784, Mary4TRUMP ,, 
208,489423943, MikeCheatham1 ,, 
209,4926495803, wildflower6422 ,, 
210,88035633, meganmurp ,, Washington DC
211,4074814018, sunflowerwsnc ,, North Carolina USA
212,3824278154, cw6ft2ntx ,, Great State of Texas
213,859142317, TraciLEdwards ,, 
214,1732405544, Hornet238 ,, FEMA REGION V USA
215,3311276608, realtysteve ,, 
216,927071516, Defund_DC ,, Exceptional USA
217,4863597051, BiteMeTrump ,, 
218,4901489212, KimHarm0061 ,, Florida USA
219,14338727, ProphetPX ,, Leavenworth Kansas USA
220,4172031640, stridura ,, 
221,2416678106, thenatealdridge ,, Oklahoma
222,247147078, edwood3 ,, 
223,226344061, karpmj ,, New York NY
224,532690100, JWGOP ,, Austin Texas
225,478148698, truthlovin ,, Seattle Washington
226,15734625, rebob7 ,, 
227,180058006, PCalith ,, Boston MA
228,15464697, JuddLegum ,, Washington DC
229,2994784367, NasarzewskiP ,, Ypsilanti Michigan
230,2288643823, rolltide41306 ,, Red LevelAl
231,4912725674, eye2winner ,, Colorado City AZ
232,2651919698, akaiu1978 ,, 
233,811274366, noah_cline ,, New Hampshire USA
234,1576552782, FirstTeamSol ,, 
235,37975764, clt92 ,, Alameda CA
236,7.07E+17, CBScheel ,, California USA
237,7.06E+17, RJoann_simmons ,, 
238,4866494759, BuybyFelicia ,, SOUTH TEXAS
239,179180471, BlackDogRanch1 ,, USA
240,1419210638, DixonWAldridge ,, Cordova TN -- SC Native
241,4234882707, TerreTbehlog ,, Georgia USA
242,15700545, imfugus ,, Wisconsin
243,3434675854, springsunrize ,, 
244,1491573812, ScottRipem99 ,, New Jersey
245,4362459267, Chatman7Donna ,, Charleston WV
246,8859092, PressHerald ,, Portland Maine
247,7.04E+17, lifestrials2 ,, Salem OR
248,23228167, ibangel ,, 
249,2696042526, katscags62 ,, 
250,4465538597, JENYHOD ,, Ozark AL
251,18957055, FilmDoctor ,, Southern California
252,2784100399, LMM1952 ,, Ft. Myers area
253,381985881, nanjmay6478 ,, 
254,71545482, masspolitica ,, Boston
255,129949447, marty713 ,, WhereEverIWant2B
256,451055997, bsherrie64 ,, Pennsylvania USA
257,19849347, VicCampbell ,, 
258,547069280, GSCAtlanta ,, Atlanta GA / Fort Lauderdale
259,7.06E+17, williamevans101 ,, 
260,15700545, imfugus ,, Wisconsin
261,42741327, ukloner ,, 
262,58608119, GirlPainting ,, Houston TX USA
263,28248148, 1crazystlgal ,, Missouri
264,38896608, Broker617 ,, Florida USA
265,4855044657, ZiffyKat ,, 
266,1618641848, ChristieC733 ,, Texas USA
267,884311340, bfrasier1951 ,, 
268,34173875, lynette5151 ,, Decatur Illinois
269,22217443, cat_1012000 ,, Midwest (NEMOKS)
270,7.11E+17, skyjones55928 ,, 
271,40691581, rvnhoose ,, TN
272,2329260715, bigplaincircle ,, 
273,14463995, andsat ,, Seattle
274,1905590958, stevej132 ,, south carolina
275,117450444, ThomboyD ,, SoCal
276,374284455, Debramax ,, 
277,2936207691, meowupatree ,, 
278,7.11E+17, UghToHillary ,, 
279,553880367, MMcLeieer ,, PhoenixArizona
280,622800082, ladyjadeyjazz ,, Vancouver British Columbia
281,2463296298, TomTspevey ,, 
282,120025039, DestinyandBruce ,, 
283,88861017, YackyDoodleDnDy ,, America Central(Costa Rica)
284,2890980888, eads_john ,, 
285,619374514, KevinMillerPPH ,, Portland Maine
286,2209106522, ImperatorTruth ,, Boston MA
287,135857034, D_Raval ,, LondonUK
288,586308135, CommonSenseGuy2 ,, Central Iowa USA
289,1671674240, landj86DeeDee ,, Oregon USA
290,806010806, Faye0226 ,, Louisiana
291,20328741, Adam4004 ,, Missouri
292,67503749, CarolMBoothe ,, 
293,4516746447, alpstwt ,, 
294,1225818590, janrask ,, 
295,231156134, SlidinDelta ,, Ottawa Canada; Austin Texas
296,182606087, louis3288 ,, 
297,4291655293, vachilly64 ,, 
298,71807953, USAHipster ,, Texas
299,1051455504, arthur_ogle ,, Tulsa OK but proud Tennessean
300,2993449593, Portosj81J ,, Scottsdale AZ
301,526346146, TCuccio ,, 
302,73761932, Jack_Ham79 ,, Oklahoma
303,4346882714, robertinccnv1 ,, Carson City NV
304,1015828650, joeygrodesky48 ,, 
305,3458917277, KenYounos ,, 
306,287505023, justonepatriot ,, 
307,293577506, julio_rodz ,, Spain/Italy
308,7.17E+17, SherrieJanovsky ,, Joliet IL
309,432799442, lolhayd ,, 
310,159097782, RichandGod ,, Twitter church New Jerusalem 
311,7.13E+17, htpol1 ,, S.C.
312,7.03E+17, jennifermwalls ,, United States
313,3089894385, bbhall0906 ,, Palm Coast FL
314,7.02E+17, bigbare44 ,, 
315,3311840432, Goldthinkers ,, 
316,7.19E+17, dvfreddiem ,, 
317,4054895653, KarMaeArn ,, 
318,1375084074, 38_milo ,, New England 
319,563301375, FelineBengal ,, Morristown NJ
320,212543625, UncleRodge ,, High Point NC
321,2564111894, ShiversShana ,, TX
322,223896073, LauraWilsonGal ,, Southold NY
323,3081927276, TxGal_InCali ,, Southern California
324,57603422, Sanjay25_ ,, New York USA
325,3298172888, seasicksiren ,, 
326,7.06E+17, RebeccaFaussett ,, BUILD THAT WALL GOD BLESS YOU
327,3378101476, MercyL0V3 ,, 
328,18108462, timkowal ,, Huntington Beach CA
329,3311840432, Goldthinkers ,, 
330,381883950, victorbreaux ,, Louisiana
331,3247965726, denlusk13 ,, 
332,1539063318, JudyYount ,, 
333,3310158301, SOS_1313 ,, 
334,1546678166, SSNjl ,, St George Ut
335,4822536123, Trump4Pres0225 ,, Southeast USA
336,4798701630, PaulaPaulacamp ,, 
337,3968544013, karen_lamoure ,, California
338,846953653, donnasgame ,, Tennessee USA
339,240814961, catsdailytruth1 ,, GOPHaveNoRights2MYPrivateParts
340,3131156139, granisnark12 ,, Snarkville
341,3927572774, hale4jesus ,, 
342,3408529580, mflew2 ,, Texas USA
343,3353307131, ladybella1111 ,, Pennsylvania USA
344,790635542, davysgripur ,, 
345,907346136, Jentlegin ,, A nice cozy Pro-Trump corner :)
346,927071516, Defund_DC ,, Exceptional USA
347,129235890, Lrihendry ,, 
348,32861990, rth1065 ,, 
349,1449729692, Tcwater7292Joan ,, Florida
350,2651813438, TalkCritic ,, East of Eden
351,4503215594, MegFord7 ,, 
352,3282973915, MedianPolitics ,, 
353,354914789, cfgasenna ,, 
354,570969690, orotribe ,, Rancho Cucamonga CA
355,197872494, OneTonTurtle ,, Sacramento California
356,917626896, histochic71 ,, Ohio USA
357,4827698474, wendyfarrier1 ,, Globe AZ
358,588497903, percydavid221 ,, 
359,2322980888, handlebar1459 ,, USA
360,145987317, DaddyLou13 ,, texasruburban Dallas
361,384005220, woitekj ,, 
362,1282414117, que37 ,, San Diego CA
363,7.13E+17, pegcamp78 ,, Land of the Giants.
364,7.02E+17, Bakehouse2016 ,, 
365,1282414117, que37 ,, San Diego CA
366,91237627, rlockrocks ,, Raleigh NC
367,296985227, Wackywoman50 ,, Somewhere in Florida
368,339194362, royparrish ,,  south
369,4656972496, AUkeibro ,, Kentucky USA
370,16503982, Bolling ,, worldwide
371,115941509, alexvtunzelmann ,, London
372,1049454625, BrennaKellyNews ,, San Diego CA - Bangor ME
373,60767749, Rocky1542 ,, North Dakota
374,3675474973, olyspeakvictory ,, AZ
375,4443696733, Mercedes2077112 ,, Pennsylvania USA
376,7.14E+17, johndpizzaman ,, 
377,849411630, ChristinaErne ,, Bangor ME
378,619374514, KevinMillerPPH ,, Portland Maine
379,3220067984, mybodyworks2010 ,, 
380,4229151082, ReleasetheGSEs ,, 
381,84685398, Visitkarte ,, Switzerland & Germany 
382,860679312, JillVanTine1 ,, Southern Indiana
383,2507917171, Ahurastan ,, Ahurastan ??-? Atropia 
384,1589510713, ihazmoney ,, My bigass house 
385,550743689, joelyork48 ,, SARASOTA FLORIDA
386,19950547, PukinCat ,, Cincinnati Ohio
387,84685398, Visitkarte ,, Switzerland & Germany 
388,1061726592, MaryLagod ,, 
389,17148456, gcamp4 ,, Traveling USA
390,131050067, ElisabethCarey ,, Boston MA
391,437995483, watchenu2 ,, 
392,4662361218, Sterek_Obrosey ,, Stark Tower
393,584779088, rrcorbo ,, USA
394,4183085298, NoLongerADem ,, United States
395,19221513, realvenusinfurs ,, Hollywood/Seattle/West Coast
396,44377087, DomusUSA ,, Atlanta GA
397,107012365, gs777gs777 ,, New York USA
398,19717952, tinah2751 ,, Cincinnati
399,1934787661, NaphiSoc ,, Rockies MST
400,131050067, ElisabethCarey ,, Boston MA
401,513873998, BIGSHOW401 ,, Monkey Bottom
402,3193699938, TripleJ_78 ,, Dallas TX
403,2347050292, MaxineAsher ,, 
404,4459753935, JohnPena03 ,, United States
405,4086580156, uliw315 ,, 
406,1380483060, BeckyOmz ,, 
407,254112509, Pollyfrogy ,, 
408,114711796, lilium479 ,, 
409,7.09E+17, DianeRainie1 ,, Florida USA
410,3170692550, KermitTheKush ,, 
411,211369803, tekarceben ,, Palm Coast Florida
412,44161855, preciousRowe ,, london
413,44342873, tomkawczynski ,, Lisbon NH
414,1895204172, kimbers671 ,, North Idaho
415,1076547972, TheRealBox12 ,, 
416,4214995979, purplemeatballs ,, St Petersburg FL
417,3170692550, KermitTheKush ,, 
418,154228382, glassyelegance ,, Florissant Co
419,47274156, firsttwin55 ,, Farmington NM
420,374051092, heath_karen ,, Oklahoma City OK
421,2809704038, douggoudz ,, 
422,7.11E+17, bing_lbing ,, Houston TX
423,97278199, maddiepoooh ,, joshleen trash
424,4905645177, grey_ghost47 ,, 
425,1277481013, CharCharbag ,, ft lauderdale florida
426,4098237466, natmc33076 ,, 
427,4903822932, Marc_Smash ,, San Francisco CA
428,747969990, SusanMoseley4 ,, 
429,154228382, glassyelegance ,, Florissant Co
430,7.20E+17, TrumpLoyalist ,, Florida USA
431,3231865460, susieroussel11 ,, 
432,2706645518, shirleyjean1776 ,, 1896 farm Appalachia NW PA
433,165358919, satheeshrk ,, 
434,43496095, joydcarter ,, 
435,433703539, hrqualls ,, North Florida
436,4108264334, rockinglittlero ,, 
437,7.15E+17, partyofthepeopl ,, 
438,1925001980, MMLynch01 ,, Finger Lakes Region  NY
439,2893768217, CajunKangaroo ,, (R) Caution-Offensive language
440,20627893, CallahanMcD ,, prints:
441,4827439747, marciapski3 ,, Michigan USA
442,3391185461, Emmita17E ,, 
443,790635542, davysgripur ,, 
444,3950708835, HollyW81333596 ,, Florida USA
445,168238759, winkiechance ,, setauket ny
446,4388881763, pmswolfy ,, Salem VA
447,909560372, BarbsAK ,, 
448,90620291, bobd42 ,, Knoxville TN
449,2903166449, MrEdTrain ,, Quincy MA 
450,874919084, hughes_wanda ,, Atlanta/ Mcdonough Ga 
451,2178310401, concerningtimes ,, 
452,20730783, Grammy8 ,, Birmingham Al
453,715044396, Rockprincess818 ,, Los Angeles CA
454,2903166449, MrEdTrain ,, Quincy MA 
455,2736331149, Oteachjohn ,, Where I am now!
456,3909983892, HartmannVet79 ,, Texas
457,18259256, Boris_Badenoff ,, 
458,49465713, ColliemomBeks ,, Texas USA
459,2553218186, missiongirl4 ,, 
460,7.06E+17, debbie_groves1 ,, 
461,3320545346, PennyHicks13 ,, Nevada USA
462,383064409, CoachKJunior ,, Los Angeles CA
463,479198786, LichenCraig ,, Colorado
464,19221513, realvenusinfurs ,, Hollywood/Seattle/West Coast
465,2912564031, Gyp5ySoul ,, Colorado
466,144540518, FrankieTease ,, Long Beach CA Las Vegas NV
467,19587302, bluehawkenator ,, Delaware USA
468,273020416, Tramayle ,, 
469,4011800885, wrs1260 ,, 
470,2278024478, annholman194 ,, South Dakota USA
471,2812269630, Hydraman40Black ,, 
472,20106268, judithfuredi ,, Manhattan NY
473,121921260, EveningStarNM ,, Las Cruces NM
474,554443824, C3Gossett ,, 
475,1684704224, YokedToYeshua ,, USA
476,1109661295, BunnysDaughter ,, 
477,204339253, SashGirlVegas ,, Las Vegas
478,443858973, Leslie_H20 ,, The Old North State
479,808855729, RealMarkCole ,, 
480,115941509, alexvtunzelmann ,, London
481,4869448667, EagleEyeFlyer ,, Virginia USA
482,2272367377, OLRDJ ,, 
483,15313592, ldyhawk549 ,, AnamCaraZen Buddhist Monastary
484,75643667, thijsromer ,, Amsterdam
485,2297125818, dwulke ,, Vince Lombardi
486,4040155154, B_Green159 ,, United States
487,416772537, Gstoneman68 ,, 
488,4856364013, Kellydanes1 ,, Phoenix AZ
489,108385758, GeorgeMee ,, Oklahoma City OK
490,18906436, FourthOctavo ,, San Antonio TX
491,283324844, ismithKDKA ,, Pittsburgh
492,50703416, Indiana_Patriot ,, Indiana
493,586841695, Horganism ,, Stevens Institute
494,3124412854, DanielIronhead ,, 
495,136166272, whatzzhername ,, OCSoCal
496,795181796, RayBurkhart1 ,, Lewisville North Carolina
497,4747746462, ralph_lyn ,, 
498,2664495768, Colin_R_Gale ,, Basement Parliament House 
499,1339060338, rninfl ,, 
500,348667672, USAHellfire ,, 
501,601065065, ptrckstone ,, 
502,188189430, ckelly202 ,, 
503,398742951, gaylenanny ,, Athens GA
504,7.14E+17, johndpizzaman ,, 
505,4520330172, petrotaz50 ,, 
506,3310011989, TrumpMA ,, Massachusetts USA
507,111166826, dreamcatcher5 ,, Montana
508,145856687, APOYODECHILE ,, UNITED STATES OF AMERICA
509,534117566, Fanoffreedoms ,, ky
510,4851681461, MMaria03146111 ,, New York NY
511,53710141, volleymac40 ,, 
512,55829777, flatwalk ,, 
513,2272367377, OLRDJ ,, 
514,2477028826, krom1781 ,, USA
515,553856375, WVartan ,, USA
516,2712850585, AngelicMark ,, San Diego CA
517,1223685223, MartinConnlynnm ,, 
518,24519597, jhrusher ,, 
519,3310800271, robertew2945 ,, Las Vegas NV
520,28891575, vbislands ,, Los angeles
521,60448759, DoDFiredawg78 ,, Richmond VA
522,4833875471, chad_appel ,, Texas USA
523,779478162, Josue_Berduo ,, 
524,3284358254, arian0027 ,, United States
525,3950708835, HollyW81333596 ,, Florida USA
526,28273116, joyreaper ,, 
527,551348482, AdiDajani ,, Houston Texas
528,1587237776, ThunderBlazing ,, Denver CO
529,98047247, hanin03 ,, Dubai
530,198212642, youhaveadriiixo ,, New Jersey USA
531,316130208, JoeSmithSDK ,, 
532,559720879, neo99934 ,, America
533,2651813438, TalkCritic ,, East of Eden
534,6.99E+17, HenryEvans4 ,, 
535,31125443, HappyGrand7 ,, USA
536,29581958, PeterCIAmCoptic ,, Wisconsin USA
537,3000619402, disgamechanger ,, The Big Apple
538,3302882995, kakemper ,, Texas USA
539,2326218852, tuurrnnt ,, sküle
540,141345790, ManDimeBishMade ,, 
541,20009204, ArlenWms ,, Principles of Christian Love
542,526251283, JerreMorganti4 ,, New Jersey USA
543,223719518, Redeemed1952 ,,   ?COASTAL PLAINS NC??
544,33536197, MrPaulGallagher ,, Glasgow Scotland
545,531620458, S1776frdm ,, West
546,77499983, gahome1 ,, Atlanta GA
547,1308106963, kkatblonde ,, 
548,16474781, sundersays ,, London
549,30863106, FAccordions ,, Virginia
550,184628546, ngbehht ,, Boston
551,4499094387, pappas_73 ,, 
552,4052199193, vickyunderhill ,, Fort Worth Tx.
553,14066928, Xantl ,, 34° 3' 8 N; 118° 14' 34 W
554,2894256669, JGlltti ,, 
555,583094488, misterjdc ,, Center Point Iowa. USA
556,2887593005, Liee4Trump ,, Tampa FL
557,1270365588, no_Soy_De_Tii ,, TampaFlorida 
558,388017681, cobaltcruiser ,, Oklahoma USA
559,218348332, billie_begley ,, Tennessee
560,331136295, GlobalProgresMB ,, From Stamford Bridge to World
561,2894256669, JGlltti ,, 
562,212049876, dcnite56 ,, 
563,1684663734, jaditmars_john ,, 
564,31045732, writeonthemark6 ,, New York
565,528015584, mxander458 ,, Arizona USA
566,823149192, glozee1 ,, 
567,426939257, feedthedrummer ,, Darlington
568,458106241, Jerribenton ,, Florida
569,387707281, mothergooseAZ ,, ARIZONA USA
570,430089879, snwwhit23 ,, Alabama
571,498510604, KAS_Tha_III ,, San Antonio Texas
572,861193644, colletteryan56 ,, Richmond MI
573,42751681, FrankieRusso1 ,, BROOKLYN USA
574,3296504462, PattonDivision ,, 
575,3951302129, jamss3468 ,, South Carolina USA
576,218041902, 47PatriotFI ,, USA
577,358892210, jend0315 ,, South Dakota
578,59924442, MsRobiinson ,, Miami FL
579,49561002, Cate66 ,, 
580,1426967479, HenryOray ,, Detroit MI
581,928660866, kbseashell3 ,, 
582,7.15E+17, politicalpatty1 ,, Louisiana USA
583,4854250851, Dad_Trump2 ,, 
584,4576968748, JamesCMiller7 ,, United States
585,7.15E+17, politicalpatty1 ,, Louisiana USA
586,7.15E+17, Ike19777 ,, 
587,582352257, Ellie_Urban ,, 
588,3025313319, A1Carl ,, 
589,3291902538, LeeBrya88882595 ,, 
590,533444481, MPrestrepo2334 ,, 
591,7.05E+17, MccurleyMaureen ,, 
592,2431107457, LiveNewsyTweets ,, 
594,15521774, gracels ,, San Francisco
595,26538104, CamBam8 ,, Fort Lauderdale FL
596,3599164993, danshay7 ,, America
597,218114129, Samagdma ,, St. Louis MO
598,4460500221, HouseOfSavoy7 ,, Luxembourg City Luxembourg   
599,3925208006, Holly10410 ,, 
600,4447613913, SusanGr16576445 ,, Georgia USA
601,2282563584, gertonshref ,, Louisiana
602,2834647215, 8bitsofsound ,, Tourian Zebes
603,4460500221, HouseOfSavoy7 ,, Luxembourg City Luxembourg   
604,930575720, CelesteHerget ,, 
605,49561002, Cate66 ,, 
606,14709531, DSarna ,, Northern NJ USA
607,1102330429, deebull ,, United States
608,50041304, chrisncal ,, CA
609,278255758, jerhyr60 ,, Connecticut USA
610,129281932, andrewjgregor ,, CA. USA
611,7.07E+17, SammyCl23155188 ,, Tennessee USA
612,838554698, p_junestorm78 ,, 
613,216469250, dglend ,, Texas USA
614,26947929, akawhit1 ,, with JESUS by the sea
615,3405607821, Markallenjobe1 ,, Columbia md
616,4865796322, Richard01702798 ,, Indiana/Virginia
617,4006650737, opcar2852 ,, 
618,140638175, toby1995 ,, 
619,3167437949, mikeo159 ,, 
620,3124986791, BarbMuenchen ,, Trump twitter campaign Ohio
621,7.05E+17, bobcathutch ,, 
622,7.15E+17, politicalpatty1 ,, Louisiana USA
623,109396382, rachelCgardiner ,, cola 
624,2802955694, 6inthebluff ,, On The Bluff
625,4520330172, petrotaz50 ,, 
626,3120820724, KarenTr58210895 ,, Shenandoah TX
627,72841205, JaniceRaffa ,, Beaumont TX
628,145856687, APOYODECHILE ,, UNITED STATES OF AMERICA
629,4098237466, natmc33076 ,, 
630,395460119, edwards_russ ,, Kennewick WA
631,4865796322, Richard01702798 ,, Indiana/Virginia
632,533444481, MPrestrepo2334 ,, 
633,3405607821, Markallenjobe1 ,, Columbia md
634,272574674, eda4461 ,, 
635,4847963927, bkmb8665 ,, Brooklyn NY
636,909448512, AnitaDWhitee ,, United States
637,3345779998, KS_Lutolf ,, Kansas USA
638,348013783, hcabhawk ,, California
639,347627434, LindaSuhler ,, God Bless America!
640,7.02E+17, jules1965_ ,, 
641,1267362949, Keeping__Real ,, Washington D.C. 
642,142026187, csirigiano ,, 
643,19038210, Eykis ,, Music City USA - NashVegas
644,3306237726, BirmanMichael ,, California USA
645,7.02E+17, ctzen66 ,, Danville KY
646,7.02E+17, jules1965_ ,, 
647,567626521, jko417 ,, United States
648,1724144856, alexbenhard1 ,, 
649,3532050793, JamesVonMaxwell ,, Scotland
650,66275900, hg9703 ,, United States
651,3142954274, ajodom60 ,, 
652,2241717492, lalauraru777 ,, 
653,3330295799, MonopointAmy ,, Hawaii USA
654,2861152027, ninja_kach ,, Texas USA
655,1608965634, georgeblack61 ,, 
656,20428579, falfiee ,, Central Illinois
657,2276753232, SheikaReeves ,, Tallahasseee FL 
658,22209659, Mina001 ,, USA
659,415725818, LisaMiwa ,, 
660,261749735, steph93065 ,, California USA
661,2501358378, Chrisisfake ,, Leeds England
662,503548941, AttorneyTracey1 ,, Detroit MI
663,324540022, GBWriterAndrew ,, Indianapolis IN
664,62418222, Freedomfromu ,, United States
665,21343120, Earthangel7558 ,, 
666,884648612, MignonFeldstein ,, 
667,3404728337, Blondeadroit ,, 
668,1170241909, crstar77 ,, Houston TX
669,2984814863, IsabeleInivin57 ,, United States of America
670,3886472352, sareeves44 ,, Deep South
671,937475790, HubbsJim ,, 
672,1007818814, basanththe_reup ,, Making the World GREAT AGAIN!!
673,65382842, AugustEve2012 ,, Charlotte NC
674,21802725, redchuckjack ,, Chicago IL
675,3354784032, hartv15 ,, 
676,28585356, TDSIanJames ,, California
677,23921732, FoxNewsMom ,, Carlsbad CA
678,39698635, Zach1740 ,, 
679,854072342, casscj ,, Nashville Tennessee
680,426635241, Himself3909 ,, Somewhere West of Philly
681,2580296111, AndrewwCivic ,, 
682,3005641411, afaulknerclan ,, 
683,3130192821, 13BuzzC69 ,, Columbia County Florida USA
684,12425302, ponorit ,, sonyai village redding ca
685,204003684, BestBotoxNurse ,, United States
686,16597796, Brewcerizer ,, FL
687,3837907454, thompsoncheri22 ,, 
688,50041304, chrisncal ,, CA
689,748045944, ConservaCountry ,, 
690,2880023448, mosoto383 ,, 
691,3219303120, YOUNGFiREBRAND ,, 
692,1596748964, RocketRWTurner ,, EugeneOregon
693,384005220, woitekj ,, 
694,21906070, Kegan05 ,, Northwest USA
695,344811563, MrDewMaster ,, 
696,4098237466, natmc33076 ,, 
697,2898756616, cruchofcofee ,, Williamsport MD
698,328572979, ChapmanNancy ,, America the Beautiful
699,2789826107, Jurygal08 ,, PhiladelphiaPA
700,3352811752, JacMjc7268 ,, NunYa biz 
701,384005220, woitekj ,, 
702,7.01E+17, laridor1 ,, 
703,3377478999, Mattwoodnyc3 ,, Manhattan NY
704,1613395148, The_usmnt25 ,, United States
705,3950708835, HollyW81333596 ,, Florida USA
706,3408791968, gobig27 ,, Orlando FL
707,4076935702, rush_simpson ,, 
708,1367811534, abbsent_minded ,, not the closet
709,12980002, CtBrokerRoks ,, Connecticut USA
710,2894256669, JGlltti ,, 
711,7.13E+17, rightwingsiren ,, 
712,4351416912, Oldfolksmatter ,, 
713,4048852873, ROB_e_79 ,, California USA
714,2903166449, MrEdTrain ,, Quincy MA 
715,2398263498, tci92 ,, Louisiana USA
716,20106268, judithfuredi ,, Manhattan NY
717,7.17E+17, lunaawesomedog ,,
718,3093717519, LDJT2016 ,, 
719,263692122, AgentOOSeven ,, Panama City Beach FL
720,4714745576, mhooshma16 ,, Texas USA
721,26558023, kellabeck ,, nyc
722,2211021408, Kiboe71 ,, Grand Island NE
723,186278633, sunshinette ,, rt behind you
724,37352356, Grace_Durbin ,, Oklahoma 
725,3280229443, WoodCarma ,, 
726,388105873, NPete2 ,, 
727,75990180, LAASummers ,, Nottingham/UK 
728,2274407522, AntonloRuiz ,, Montebello CA
729,3391185461, Emmita17E ,, 
730,126097850, JoanFr2 ,, 
731,33138145, Contumedia ,, Florida
732,3719791095, polyannanot ,, Virginia
733,581379553, tooli65 ,, FLORIDA
734,183338295, Inirbag15 ,, Atlantis the Lost Empire
735,28936498, SusanQ294 ,, CA
736,526967433, loman920 ,, BrooklynNY
737,909448512, AnitaDWhitee ,, United States
738,7.09E+17, PuyaFiel ,, 
739,23078405, kansasauthor ,, Kansas
740,4099926287, HannesHanath ,, Berlin 
741,234442133, incomedy ,, Who cares as long as its funny
742,876040219, msann43 ,, Louisiana USA
743,2712850585, AngelicMark ,, San Diego CA
744,742878181, starrbrite2 ,, UK
745,402061844, Juliann990 ,, 
746,2712850585, AngelicMark ,, San Diego CA
747,2712850585, AngelicMark ,, San Diego CA
748,7.02E+17, CuriousVibe ,, 
749,356837905, MeganSmiles ,, 
750,2712850585, AngelicMark ,, San Diego CA
751,2712850585, AngelicMark ,, San Diego CA
752,2712850585, AngelicMark ,, San Diego CA
753,3951200003, IreneEagle1 ,, Kentucky USA
754,402061844, Juliann990 ,, 
755,2712850585, AngelicMark ,, San Diego CA
756,475166181, niels_schenk ,, Groningen
757,362691245, Andrea_peppa ,, Miami Beach
758,2712850585, AngelicMark ,, San Diego CA
759,2771280177, TGlesnes ,, Mons Norway
760,483272505, ammboston ,, Boston MA and Newport ME
761,431917957, magnifier661 ,, California USA
762,2712850585, AngelicMark ,, San Diego CA
763,2712850585, AngelicMark ,, San Diego CA
764,14324572, gburton ,, Palm Springs  Cali
765,2712850585, AngelicMark ,, San Diego CA
766,7.06E+17, TRUMP_loves_US ,, 
767,4854449571, ForTennessee ,, THE GREAT STATE OF TENNESSEE 
768,2712850585, AngelicMark ,, San Diego CA
769,18057956, tmasonmi5 ,, New York
770,352532987, rodsandguitars ,, USA
771,2716292122, ElishivaAhmose ,, Florida
772,2712850585, AngelicMark ,, San Diego CA
773,3288045372, ABWriter22 ,, 
774,252221052, marilocosta ,, Los Angeles California
775,2712850585, AngelicMark ,, San Diego CA
776,3280229443, WoodCarma ,, 
777,4642677934, hissychrisp1 ,, 
778,4803630864, Benross75 ,, 
779,3663025166, Say_Non_Now ,, 
780,52426384, dpburnette ,, 
781,395476407, Zelidasquare ,, 
782,59924442, MsRobiinson ,, Miami FL
783,14478948, alexsteed ,, Maine 
784,565112744, clark7950 ,, 
785,4780961057, ethomas24350 ,, Virginia USA
786,3237940072, ABPolitical ,, Alberta Canada
787,3222839432, colavs2184 ,, United States
788,51149079, pinky0006 ,, CowdenbeathFifer  Scotland
789,74247792, SCforfreedom ,, South Carolina USA
790,191156581, daviddavidsocal ,, California USA
791,55359695, WxSquid ,, Maryland
792,901903482, OmaTalley1 ,, Newport Beach CA
793,798530833, idesignwis ,, 
795,4872648885, peachesgirli23 ,, 
796,4803630864, Benross75 ,, 
797,2465258120, TexasCruzn ,, 
798,329323059, BraveConWarrior ,, USA
799,101264587, ArcticFox2016 ,, 
800,73657657, BarracudaMama ,, EIC
801,475811383, NaughtyBeyotch ,, Texas
802,860616002, Budd0427 ,, 
803,7.06E+17, TRUMP_loves_US ,, 
804,2358413663, amandajs11 ,, England
805,2287596007, nennooshananenn ,, Toronto Canada
806,948843770, rolak_lou ,, hudson. michigan
807,4926495803, wildflower6422 ,, 
808,1595645839, BjornDstss ,, Plainfield IN USA
809,900091915, cre8ivetype ,, Toronto Ontario
810,1051928820, inperilous1 ,, United States
811,748761679, time4kind ,, 
812,507765274, niteowlmom3 ,, Phoenix AZ
813,62714019, FHStralow ,, Gun Barrel City TX
814,2946719823, LouiseT76094094 ,, Twitter
815,35216399, Patriotic_Me ,, Marina del Rey CA
816,1491167527, JuettC ,, Kentucky USA
817,547120423, MelissaFoster77 ,, 
818,1485577891, gregjtracey ,, 
819,1219173900, spydrweber ,, 
820,125426091, playwithmedanny ,, Downtown Portland
821,3403248579, VeritasDolor ,, Down the Rabbit Hole
822,139846174, karinaasti ,, brighton
823,54111268, Cheri_Sheri ,, 
824,3198850587, MrTerensss ,, Liverpool England
825,2302327181, tthompie ,, 
826,7.14E+17, BStew4USA ,, Apache Junction AZ
827,150653567, Ender316 ,, Texas
828,16251851, morbidtourist ,, Tacoma WA
829,926463758, iamusician35 ,, SNAPCHAT - iamusician35
830,774638658, JKWemyss ,, Mansfield OH
831,7.09E+17, LabarRalph ,, 
832,47554499, AlwaysThinkHow ,, USA
833,6.98E+17, keeponmoving16 ,, 
834,164305235, TheCyberRebels ,, The Netherlands Delft/TheHague
835,3589220899, JenBumpas ,, Washington USA
836,4518530433, Packbornne ,, 
837,2867950781, ThisisShak ,, Vancouver British Columbia
838,2496519307, CathyGarside ,, Ontario Canada
839,4292539453, ispytexas ,, Texas USA
840,90380313, PhillyTalk ,, Philadelphia
841,243918946, luzzyguzzy ,,413
842,2493960362, Julia_Abdulla ,, ?????? / ???????
843,2651813438, TalkCritic ,, East of Eden
844,71813531, dawn_redbird ,, 
845,1956776809, ZZLaowai ,, Guangxi Province China
846,791003221, BillyBlame ,, The Naughty Corner
847,67052442, 1VoiceMatters ,, United States
848,7.02E+17, Sydngoose ,, Florida USA
849,1496571493, JillanaLogan ,, Florida USA
850,230688184, Whitefryar ,, Edinburgh and South Tyneside 
851,909429824, SandraHartle ,, Washington
852,512699893, aychin28 ,, 
853,260506313, makaylapack ,, Cølumbus OH // BGSU |-/
854,167173030, lorylovesanimal ,, the lowest of the low desert
855,240240822, flopublic ,, Ruhrgebiet
856,58052610, rafat777 ,, NW
857,3951726322, KathyPica1 ,, Wisconsin USA
858,38078125, jumpmastere8 ,, Honolulu Hawaii
859,28820629, Rowaenthe ,, Smack in the Arizona Desert
860,20015311, rickygervais ,, Earth 
861,516197929, EmguzE ,, 
862,635011613, CATS_PAWS ,, President Bernie Sanders!!!
863,413368459, danilovestay ,, working
864,4012653147, tonynausetbeac1 ,, Florida USA
865,50850618, MotorcycleMarc ,, USA & CANADA
866,24716002, tradethecycles ,, USA
867,204003684, BestBotoxNurse ,, United States
868,16146535, marcylauren ,, Delaware
869,3273222469, ErickaJacobs123 ,, California USA
870,26020465, ETCanada ,, Canada
871,2339070521, nssottile ,, Columbia SC
872,4872648885, peachesgirli23 ,, 
873,22668262, lhorwich ,, 
874,390842981, Sammy_Roth ,, Palm Springs CA
875,3722160913, Duxgirl27 ,, 
876,146666161, Texcess ,, Bloody Fucking Texas
877,2924822810, CFBFan365 ,, 
878,2314018987, ShelbyKentStewa ,, Venus
879,3677594795, realBethNeale ,, Central NY State
880,747552781, Phibear94 ,, United States of America 
881,173249499, affinitytalk ,, Rochester Hills MI
882,4831548988, googoo_mc ,, 
883,204003684, BestBotoxNurse ,, United States
884,4769536303, ToscaAusten ,, Manhattan NY
885,2651813438, TalkCritic ,, East of Eden
886,2749640440, CBockino ,, 
887,6186522, wilburinla ,, Los Angeles CA
888,221121595, JAYBOY6930 ,, Tennessee
889,65036477, lizbit030 ,, Virginia
890,3612974294, HarleyLaughland ,, 
891,471547670, alexplitsas ,, New York USA
892,7.08E+17, DreamLightz ,, Trump Land
893,138713188, ultraconcept ,, 
894,762496814, PaulSchmehl ,, Richardson TX
895,2354921772, kimball_ron ,, 1180-1159
896,728027647, DerekMasino ,, Where are any of us
897,1051928820, inperilous1 ,, United States
898,3034992840, cochran_bob ,, Concho Arizona
899,397934975, SwimSpaJohn ,, Palm Harbor FL
900,3808350372, DGolTweets ,, California USA
901,4827809970, BexvonAltena ,, 
902,529604764, Ps5725 ,, California
903,7.03E+17, n1mblenavigat0r ,, 
904,1403922198, Jimbean87055631 ,, Washington D.C.
905,76461154, dmweinberg1 ,, 
906,1373836093, TheRealPatriot1 ,, Colorado
907,120019003, anthonyi93 ,, 
908,38812371, The_Sean_B ,, United States
909,2735511486, JoeFreedomLove ,, 
910,1729811449, iDis0rder ,, New Yawk
911,3120301769, LindaSudduth2 ,, 
912,48866739, elvisinoregon ,, 
913,2329260715, bigplaincircle ,, 
914,7.03E+17, n1mblenavigat0r ,, 
915,7.11E+17, DeePSw31 ,, 
916,32832446, westgate55 ,, 
917,2861152027, ninja_kach ,, Texas USA
918,32240593, Cronikeys ,, Indianapolis IN
919,59819458, paulclosner ,, Texas
920,112098803, chemical_lab ,, 
921,245990733, DolorosM ,, Maryland/Washington DC area
922,3219771793, dance4meagain ,, 
923,181859696, LariskaPargitay ,, 4/27/2015 I met the Queen
924,1866192355, teerivsaid ,, 
925,3948272452, whitejamie569 ,, Georgia USA
926,16177626, swebs ,, miramar beach FL
927,3723723982, Ma1973sk ,, 
928,263223262, AmericanAsPie ,, Brooklyn NY
929,27587056, Deedra3 ,, Iowa USA
930,67295944, BobZa222 ,, 
931,70860468, 1artniece2 ,, Texas
932,502225187, 10is3 ,, 
933,1895204172, kimbers671 ,, North Idaho
934,449430615, SteveLong71 ,, Charleston WV
935,2183500234, orlando_who ,, being a fake news reporter 
936,3100607607, stevengo99 ,, #CT
937,2284338600, Jmartin482 ,, Ontario Canada
938,139069696, TurkyAlowerde ,, ???????? - ????????
939,89476066, SumerSloan ,, Pasadena California
940,1128696500, ChristVeritas ,, 
941,265530743, USArmy_vet ,, New Jersey Shore
942,326493737, suhleener666 ,, hell 
943,18364362, PF83 ,, Texas
944,50978806, amstaffbru ,, New York City
945,1285997846, Clinkin53 ,, Bluegrass 
946,32831861, psearcy1 ,, THOMASTON GA
947,140638175, toby1995 ,, 
948,122841525, itsGOOB ,, Grand Rapids MI
949,315895544, leigh_arroyo ,, Houston Texas
950,1656853478, MWC_RS ,, IndianapolisIN
951,61567598, Maliheh_ ,, California
952,97793731, mgd2278 ,, 
953,4021079774, PorcupinePundit ,, California USA
954,4910568717, KY4Kasich ,, Kentucky USA
955,3341955665, StoutenburgJeff ,, Heaven My Eternal Home  
956,7.07E+17, Gr8faithful1 ,, 
957,7.13E+17, RosieR1949 ,, United States
958,4676901404, gloriadeanda62 ,, 
959,342460234, kenobikathy ,, Florida USA
960,4288831515, ArtandTigger ,, Florida USA
961,2369640619, jojoh888 ,, 
962,235805038, OfBloodandRank ,, Chicago IL
963,2813679126, THBevilacqua ,, Tallahassee FL
964,16177626, swebs ,, miramar beach FL
965,3029118047, Reppolitics ,, 
966,317223956, sweetsienna23 ,, 
967,4174017441, pappy_jim ,, 
968,16606692, Weather_22 ,, Connecticut
969,7.18E+17, Tkscott828 ,, 
970,462924454, TheOneSoleShoe ,, Our Collective Village 
971,23837667, Jacamina1 ,, 
972,4480906040, SylviaHandwerg4 ,, Texas USA
973,4843793211, trumprage ,, New York USA
974,248400853, SirChuckNorris7 ,, 
975,3310855178, MarkMayfield80 ,, 
976,482343301, ericzaneshow ,, 
977,2286454913, MikeESteelr0077 ,, Pa
978,374760130, makeitRight16 ,, 
979,555526268, MeggiePendarvis ,, 
980,138582512, nbc10_brian ,, 
981,2268236187, brian_66798 ,, Pretoria.Transvaal.Suid Afrika
982,2966848055, jellen805 ,, Main St SW via 5th Ave 
983,7.13E+17, CarlynRoot ,, Arizona USA
984,541904508, U_S_PatriotLife ,, WorldWide
985,40681552, patrick19602005 ,, Maryland
986,20958510, KatyinIndy ,, USA
987,28999528, serenity82108 ,, 
988,217159658, Catwoman2011 ,, Rocklin CA
989,7.11E+17, mary4cruz ,, 
990,3968744956, Juli4Trump ,, Texas USA
991,4910270788, jenniferkay115 ,, East Coast
992,3086873664, livingfree54 ,, 
993,42740158, RandeeMaxine ,, Oroville CA
994,17915515, ElaineFox ,, California
995,24064455, LaCina52 ,, Left Of Eden
996,372900776, Liptionfav ,, the wet windy coast 
997,864687984, aubrey111 ,, 
998,2438858671, DunnoAbout ,, 
999,1164454327, Fools2234 ,, 
1000,258386116, JWeismonger ,, Norge DUAL US CITIZ
1001,114475732, rickdun ,, DEARBORN . MICHIGAN
1002,63996778, joegooding ,, Bethlehem PA 
1003,227642288, StargateWindlow ,, Ohio USA
1004,584779088, rrcorbo ,, USA
1005,221121595, JAYBOY6930 ,, Tennessee
1006,1552390825, TROLL4LIBERTY ,, 
1007,18465455, luisbaram ,, Planet Earth
1008,2716964859, Msmartin415 ,, Florida USA
1009,195603578, tortugadiaz ,, P A S I O N
1010,2197388417, TheWelshTwitt ,, 
1011,4883584173, JSilamianos ,, 
1012,3128771203, Mariatweets3 ,, 
1013,22860531, VinceintheBay ,, SF Bay and beyond.
1014,3927572774, hale4jesus ,, 
1015,3377478999, Mattwoodnyc3 ,, Manhattan NY
1017,7.11E+17, YockeyWendy ,, Texas USA
1018,3128778447, UnFocusedFamily ,, Colo. Springs & WashingtonDC
1019,3056907229, nicholas0096 ,, Springfield PA
1020,124555908, georgewiman ,, Normal IL
1022,551637176, john_klier ,, Florida USA
1023,7.16E+17, PinkPri25886286 ,, 
1024,4649674165, CoryMBone ,, 
1025,613963537, MitchellDrew14 ,, Mississippi 
1026,149036089, adriansimo ,, Timisoara
1027,411902451, kimmons2 ,, Corinth Ms.
1028,550708707, JayCostTWS ,, 
1029,299893741, Lmk_1952 ,, 
1030,115221411, FX_Investierung ,, Houston TX
1031,4871145023, D_r_D_o ,, 
1032,2807402963, AngeloftheSeize ,, Juno Beach Florida
1033,123886905, hollingsworth34 ,, 
1034,7.08E+17, seabreeze1103 ,, 
1035,151153891, puppiesRcutest ,, 
1036,3025798413, JessicaIsntCool ,, San Antonio TX
1037,732025080, Luminate_Design ,, Boston MA USA
1038,3025798413, JessicaIsntCool ,, San Antonio TX
1039,576539583, 147DW ,, 
1040,18285277, rockslacasa ,, Frogtown MFer
1041,108100600, phfreedom ,, 
1042,138092553, josewhales ,, Ozark Mountains
1043,973315350, 70DN ,, Alaska
1044,168418797, Starr1sg ,, Fort Wayne Indiana
1045,2949339839, IrcinkSuzanne ,, 
1046,39733558, iowac ,, North Carolina
1047,3681966139, lycphoto ,, California
1048,7.09E+17, JerryaTaylor3 ,, Stephens City VA
1049,7.08E+17, seabreeze1103 ,, 
1050,4659513317, JOHNGARCIA1152 ,, California USA
1051,31602791, sybildanning ,, Los Angeles
1052,12980002, CtBrokerRoks ,, Connecticut USA
1053,2192695398, tinaquenette2 ,, 
1054,3435940588, MarieMa49685063 ,, 
1055,24064455, LaCina52 ,, Left Of Eden
1056,3316267142, milkvamp ,, Las Vegas NV
1057,2281297118, can071782 ,, Henderson NV
1058,345858289, mishayah ,, Washington State outback
1059,4851681461, MMaria03146111 ,, New York NY
1060,24064455, LaCina52 ,, Left Of Eden
1061,4775336477, deeluttrell1960 ,, 
1062,928607750, zubered ,, 
1063,921460356, varadmehta ,, Philly Burbs
1064,7.13E+17, MillennialTrump ,, United States
1065,2379259568, cos_tennessee ,, Tennessee
1066,6.97E+17, auburn_mike ,, Gasden Alabama 
1067,246098276, Greene251 ,, Alabama Gulf Coast
1068,24064455, LaCina52 ,, Left Of Eden
1069,1733257164, TillsonAol ,, Phenix City Al
1070,292404883, marshy5365 ,, Olmsted Falls OH
1071,22460046, Nori_NYC ,, Upper East Side Manhattan
1072,2596413645, carrieksada ,, Los Angeles CA
1073,200163987, healthandcents ,, AZ  TX www.MedExpertChile.com 
1074,567626521, jko417 ,, United States
1075,889024146, LodiSilverado ,, California
1076,24064455, LaCina52 ,, Left Of Eden
1077,2249692951, Time4Armor ,, GREAT STATE OF TEXAS 
1078,330623773, JRGrayThunder ,, Near the *OK=TX* Border Out in the Wild WILD West
1079,2816395922, TickerTapeVote ,, GREAT STATE OF TEXAS
1081,121656624, PJStrikeForce ,, Great State Of TEXAS ??
1082,4296807192, politified ,, United States of America
1083,2574694502, historyinflicks ,, Queens NY
1084,42741327, ukloner ,, 
1085,7.21E+17, mrtom3560 ,, albany NY
1086,7.21E+17, mrtom3560 ,, albany NY
1087,26369152, tpacific ,, california coast
1088,2746979823, UTHornsRawk ,, 
1089,840456230, robertbirsinger ,, 
1090,14846318, macjonez ,, 
1091,7.13E+17, MillennialTrump ,, United States
1092,26245422, tennismom67 ,, TX
1093,6.99E+17, interestedpaty ,, Sun Valley ID
1094,376375089, KimGOP60 ,, Sanford FL
1095,3280018782, TawnyaSchultz4 ,, 
1096,1592061668, Deana_merritt33 ,, Amelia Island Fl
1097,3664925599, HawaiiPeople ,, 
1098,73485081, nsheridan20 ,, Cleveland - Columbus - Chicago
1099,4774170301, WhoShouldIVote4 ,, United States
1100,345451967, BeachAddict80 ,, Hapuna Beach
1101,1099015518, evesgardenparty ,, USA
1102,3385408715, joejaegerguitar ,, Illinois USA
1103,494763113, tom_news2 ,, Connecticut USA
1104,3305279109, Snoope_Dogge420 ,, 
1105,391755404, maitaisteelers ,, 
1106,7.13E+17, htpol1 ,, S.C.
1107,43186982, Rand_Simberg ,, 
1108,2190922251, mspinkify ,, New York
1109,324552159, Jennifer_1965 ,, Tennessee
1110,3590674395, jdander55 ,, Iowa USA
1111,1491167527, JuettC ,, Kentucky USA
1112,3675016697, KimHarm63660098 ,, Florida USA
1113,54052856, CFluharty ,, Privateer SC
1114,512316663, MPierce47 ,, Sacramento CA
1115,185425059, tteegar ,, Florida USA
1116,63803554, PatriotMinded ,, United States 
1117,3535292002, thestomachhands ,, citizen of the world
1118,256295544, boycotkochbros ,, VIRGINIA
1119,18204604, MLAS ,, 
1120,484229824, Darkstargoddess ,, Right Here
1121,1866192355, teerivsaid ,, 
1122,4220373573, los001979 ,, 
1123,3589745233, DayumMaam ,, Purgatory? Ugh!TryTwitter Hell
1124,861508788, GarrettRuby ,, Siloam Spings AR
1125,24064455, LaCina52 ,, Left Of Eden
1126,4839433331, wornduglsgraves ,, Northern Virginia
1127,54052856, CFluharty ,, Privateer SC
1128,1097291030, ConnorSouthard ,, Laramie
1129,2321302628, TerriMarsh11 ,, Corrupt CA
1130,24865242, BillyAllmon ,,  
1131,1651506721, Tobytomato ,, Pacific Northwest via PA
1132,3949725369, kjon1234561234 ,, 
1133,43420311, kits54 ,, Dixie Desert
1134,821660419, gvhorn1 ,, 
1135,4878945347, BoomMan1976 ,, 
1136,4906058883, Soebutay ,, 
1137,626503046, davidjones720 ,, Springfield Tn
1138,1375053553, Flower_Power_Us ,, Ga Lady.Yes Ma'am #Benghazi
1139,3376569867, LaneSadalup ,, Beautiful Shenandoah Valley VA
1140,4328075054, RyanGrieveAB ,, Alberta
1141,2885760450, linduh83 ,, Utah
1142,182978104, MDI_LLC ,, Newark Delaware
1143,3421137220, WaskelweeWabbit ,, 
1144,3303440338, Irish_Infidel_7 ,, Infidel Paradise 
1145,24064455, LaCina52 ,, Left Of Eden
1146,2171200586, wyomobe ,, Cheyenne WY
1147,42222564, elavoie ,, Montreal
1148,2172638649, ellakinnng ,, Roanoke Rapids NC
1149,7.21E+17, mrtom3560 ,, albany NY
1150,7.21E+17, mrtom3560 ,, albany NY
1151,559720879, neo99934 ,, America
1152,24064455, LaCina52 ,, Left Of Eden
1153,28031362, tahDeetz ,, Atlanta Ga
1154,5620312, dcuniverse ,, Washington D.C.
1155,3025313319, A1Carl ,,
1156,410356962, jeramytackett ,, Oklahoma
1157,222804467, JonesRE3 ,,
1158,48866739, elvisinoregon ,,
1159,1101252860, FAMILYDOCTOR15 ,, Canada
1160,65517621, smitty_one_each ,, NOVA
1161,19323212, Jacie249 ,, NY
1162,22573088, Texas56 ,, #Prolife #NRA #Israel
1163,1045970028, doughty_jeff ,, Indiana  Oklahoma  Indiana
1164,3222795979, four4mat ,,
1165,129949447, marty713 ,, WhereEverIWant2B
1166,21906070, Kegan05 ,, Northwest USA
1167,261400644, 3rockinsisters ,, Nevada
1168,3837213803, blaubok ,, travelling in SE Asia
1169,458109740, ljlewis400 ,,
1170,860577326, jenladkins ,, North Carolina at present
1172,23338738, JosephIngemi ,, New Jersey
1173,36969374, patrickramage ,,
1174,3997433903, BirgitOlsen1 ,,
1175,7.03E+17, GSD1507 ,,
1176,2553493034, AnthonyJRomano ,,
1177,27374583, mytweets_me ,, ChicagoMiami
1178,315073177, BULLOMETER ,, Left Coast
1179,4885328828, SAless98 ,,
1180,21308831, Stips620 ,, Ocala FL
1181,34730013, PRonlineNews ,, U.S. Southeast
1182,1613651070, chatainerobin ,, North Texas
1183,3430181229, TN4Kasich ,, Tennessee USA
1184,2773673031, ellis_sdellis81 ,, Hopkinton NH.
1185,4726275950, WisegalGranny ,,
1186,4233671, chasrmartin ,, Boulder CO
1187,3876882687, MWPolitics ,,
1188,1897861530, aberylka ,,
1189,4459753935, JohnPena03 ,, United States
1190,2749335863, Tom_Frezz ,, Pennsylvania USA
1191,66275900, hg9703 ,, United States
1192,50940086, BoiseMarineMom ,,
1193,2453750406, spikey0728 ,,
1194,199010943, 73101mtp ,,
1195,2771864213, DecentAmerican1 ,, Beautiful USA
1196,631865146, NicholasTyrone ,, London
1197,1387671650, WityCindy ,, ORD
1198,811232569, ehcsztin ,,
1199,4291655293, vachilly64 ,,
1200,3174590074, LaymanGeorge ,,
1201,27463702, pacsgirl36 ,, New York USA
1202,525874754, carolynkeener54 ,, Brandon MS
1203,242567980, ItsAlinajo ,,
1204,750669710, OlsonElijah ,, Washington State
1205,3461087537, di8285502 ,, Upstate NY
1206,34280404, BROWNGNG ,,
1207,34730013, PRonlineNews ,, U.S. Southeast
1208,792854598, FernandoAQuezad ,, Sunshine State
1209,2377866892, marykinseyy ,,
1210,4886213447, Paolalopez1971 ,,
1211,2906382661, Psalm11813 ,,
1212,572254145, alli_eddy ,,
1213,2389326866, TexasTejano1 ,,
1214,49431141, LibertyNow10 ,,
1215,761591065, ClintDougherty ,,
1216,29075651, prosehaikus ,, Georgia
1217,2174652042, Book_56 ,,
1218,253653624, AmericanGypsea ,,
1219,393645945, MichaelJFell ,, Culver City CA
1220,2906382661, Psalm11813 ,,
1221,1009195424, SenFrankNiceley ,,
1222,3103570448, playnicepeeps ,, USA then HEAVEN
1223,921460356, varadmehta ,, Philly Burbs
1224,478311835, page312 ,, Riverside Ca
1225,64413002, MommaHoback ,, Cardnation Kentucky
1226,518948532, BelisaDavis ,, Texas USA
1227,573649780, PrimMrs ,, GA loves Trump
1228,3566638694, CharlesMPowell ,,
1229,174025101, BB1fanTambra ,, Bennett Colorado
1230,19163142, retepger ,, Flyover Country
1231,143332549, Keithhhtan ,,
1232,1573693302, mroutch8 ,, Philadelphia
1233,33138145, Contumedia ,, Florida
1234,907346136, Jentlegin ,, A nice cozy Pro-Trump corner :)
1235,370552834, Jackamus ,, Tampa FL
1236,751996334, glendabelle_11 ,,
1237,236205140, franksnstein ,, DallasTx
1238,113427157, Eliottirado ,,
1239,414956114, KwaakYola ,, USA
1240,49151228, suthernboy100 ,, Terminus
1241,3416505311, LuvMyAmerica ,, United States
1242,7.04E+17, TRUMP_NOW2016 ,,
1243,50880679, JoeSixpackSays ,, USA
1244,20428579, falfiee ,, Central Illinois
1245,29118781, SandyKuti ,,
1246,786997706, STLALAWSTTAY ,, everywhere U.S.A.
1247,21371273, Eliza630 ,,
1248,129949447, marty713 ,, WhereEverIWant2B
1249,2268344145, JessicaSandu ,,
1250,22903233, DaBearsk ,, In My Lane - #TeamHeidi
1251,561660141, pwest12 ,, FargoND USA
1252,1601823204, kathnycITA ,, New York
1253,50472630, patsuya ,, Temecula CA
1254,2703114008, sandiv11 ,,
1255,37025524, MinneMike ,, Minnesota
1256,180049869, bubbydean ,, Newnan GA
1257,927071516, Defund_DC ,, Exceptional USA
1258,3041208837, RotoStocks ,, Important swing state
1259,2456503284, cjmesq1 ,,
1260,2819971380, DKOutdoorTV ,, Alabama
1261,21447013, LizzzT ,, SPEAK UP Take Our Country Back
1262,1049306268, PoliticsWolf ,, North Carolina
1263,606681626, MyrnaIvette1224 ,,
1264,1426710036, EversFam ,, United States
1265,947326788, LynnieCA ,, SF Bay Area
1266,1017832603, JenZatoth ,, NJ
1267,13282312, skenoch ,, #wellwell
1268,7.06E+17, CK1jj ,, Connecticut USA
1269,15693190, moxiemom ,,
1270,7.05E+17, mister949 ,, Yorba Linda CA
1271,2977792686, RtOnPolitics ,,
1272,2223691094, ErnestLamonica ,,
1273,4860633803, USMC3rdBnMCo ,,
1274,33138145, Contumedia ,, Florida
1275,160035443, hiive ,, Auburn AL
1276,1313929171, Dizzy329 ,, Queens NY
1277,422317099, Rauthschild ,, Washington USA
1278,4064541252, JesseShepard80 ,, SoCal
1279,19377400, CyberManin ,, Rochefort France
1280,72841205, JaniceRaffa ,, Beaumont TX
1281,28534205, paphotog ,, PA
1282,360265928, arnoldse38 ,, Georgia USA
1283,49465619, Doug24Seven ,, Florida USA
1284,3530928317, K77491259 ,, Battle Creek MI
1285,2332118144, MistorResistor ,, Austin Texas
1286,18266821, mosesc1963 ,,
1287,4883584173, JSilamianos ,,
1288,475158308, CameliaDitch ,, Cary NC
1289,208862355, ColbyNicholson ,, Edmond OK
1290,3497941, owillis ,, Takoma Park MD
1291,39387296, smithjuliec ,, Atlanta GA
1292,2405531671, mpopv ,, Washington DC
1293,355151947, O_IrishT ,, Tennessee USA
1294,713766486, MikeRobbinsUSA ,, USA
1295,94620467, TheIvanVolter ,, Raleigh North Carolina
1296,7.04E+17, JacquelineLubr1 ,, Everywhere USA
1297,820676600, dzgocats ,,
1298,50434933, LifeNewsHQ ,, USA
1299,125550109, delyju ,, Vegas
1300,584402890, grant_hose ,,
1301,7.06E+17, my3boysrockit ,, United States
1302,885697352, katypillar70 ,,
1303,7.09E+17, dblgyp ,,
1304,7.19E+17, NoTrumpEver ,, USA
1305,7.15E+17, 1more4_Trump ,,
1306,4875896757, WinnaWinna2016 ,,
1307,18679025, clisom ,, Frisco TX
1308,1346991799, b2american ,, Naples Florida
1309,2559414787, birderbud ,,
1310,820676600, dzgocats ,,
1311,3073767893, cpark1776 ,, Indiana USA
1312,419344685, vivek4wild ,, Global
1313,73829585, GOPTejana ,, San Antonio Texas
1314,62802393, foodhistorian ,, Binghamton NY
1315,2793367408, dtalley1952 ,,
1316,545089067, mbguardian1966 ,, S. Carolina
1317,2900781590, TimSayWhat ,, God Bless America
1318,1885024224, christa_dorsett ,,
1319,724381837, VictorChameleon ,, Hopewell Furnace Pa.
1320,1018758942, e_Begrimed ,, Chicago IL
1321,54306830, tomborelli ,, Eastchester NY
1322,2347050292, MaxineAsher ,,
1323,288283415, daxtonbrown ,, Las Vegas
1324,7.17E+17, unappologeticly ,,
1325,482973239, Voter99percent ,,
1326,2392901376, Am3ricaChang3d ,, Indiana USA
1327,24544802, shortman5427 ,,
1328,4378590552, jwgimh ,, Socorro NM
1329,365208486, odetovalerie ,, MI |-/
1330,2577216392, cathbysgod ,, Here & Now
1331,1568498256, 1776Solution ,, Maryland
1332,295195137, LWelch2 ,, Massachusetts
1333,7.16E+17, PinkPri25886286 ,,
1334,328231381, thestustein ,, New York
1335,898728732, mikepfingston2 ,,
1336,7.12E+17, WilliamMauldin9 ,, Clearfield UT
1337,2891047298, butleriano ,, Salt Lake
1338,7.11E+17, gabriel_turpin ,,
1339,306724690, lois_rogers ,,
1340,48828637, papago1996 ,, Minnesota
1341,3076120380, ingrassia_9 ,,
1342,923885029, LRbullies ,, Vero Beach  From Chicago
1343,2468329670, Freedom_River ,, Torrance CA
1344,2477028826, krom1781 ,, USA
1345,15591819, RGChronicles ,, Dallas Texas
1346,198921096, raja1948 ,, Indianapolis
1347,1177749511, conserva8 ,,
1348,1376035327, dgdocter12 ,, Seattle - The Emerald City
1349,2943173748, SudoKraken ,, Power house of the cell
1350,847923606, jjbenz19 ,,
1351,384434800, SueSabo ,, United States
1352,793744861, 1SeriousAmerica ,,
1353,23764053, davwain ,, Toronto
1354,375194919, mooshakins ,, KochWhore
1355,31580633, Pattikke ,, San Fernando Valley CA
1356,11187462, SonnyGirard ,, Boca Raton FL
1357,378364268, IhabAbuel3nein ,,
1358,971683675, jjupv4 ,, United States
1359,35567361, _Christophoros_ ,, Texas
1360,7.03E+17, eva48w4 ,,
1361,447283713, duck464 ,, Medford Oregon
1362,15446531, mattyglesias ,, Washington DC
1363,35298962, KalV194 ,, US
1364,4635054085, make_greatagain ,,
1365,971737663, gfup56 ,,
1366,4122226696, counter_signal ,, Ohio USA
1367,929882659, Ster24080753 ,,
1368,83374478, saletan ,, Washington DC
1369,3637329082, RosaPac37051918 ,,
1370,1653313561, RobertKearney10 ,,
1371,2349716513, S03Hardi ,, Pottstown PA
1372,259332708, MikeRathbone86 ,, Earth
1373,1335947582, Rosemarrisa ,,
1375,2861152027, ninja_kach ,, Texas USA
1376,249850854, B4INFeatured ,,
1377,81702025, psuflyers24 ,, Miami
1378,53056220, GPN14 ,,
1379,249850854, B4INFeatured ,,
1380,138092553, josewhales ,, Ozark Mountains
1381,614524574, B4INtest ,,
1382,209827954, RickSchultzNY ,,
1383,1531185990, Cecil3695Cecil ,, Los Angeles California
1384,16867624, worldwide7 ,, Everywhere
1385,1115237750, netdog713 ,, Indiana
1386,39959975, ReaganiteGOPer ,,
1387,942599598, NancyNvandyke86 ,, ill
1388,4874685118, TrumpNation22 ,,
1389,7.11E+17, hzleyegurl ,, Gravel Road Ph: 10001110101
1390,16621187, RobertMichaels ,, ÜT: 35.991455-86.812637
1391,18978553, rorycooper ,, Washington DC
1392,21965432, Junebug1952 ,, The Late Great U.S.A
1393,7.06E+17, MKasich ,, Virginia USA
1394,339706852, Phiberphan ,,
1395,2955084638, jace_breedlove ,, Dallas TX
1396,790501219, tduke8809 ,, EARTH
1397,386034701, efinan57 ,, NE Ohio
1398,3766084042, jeep_sifu ,,
1399,4728538761, Jesse75451319 ,,
1400,74775685, imtan2 ,, Orlando FL
1401,838904148, TmontDk ,, Nutley NJ
1402,14200865, voxsusana ,, LA CA
1403,449128263, Lezlie61 ,, Denver Co
1404,126636133, tinkitk ,, Southern Calif.
1405,920161381, ForQ2 ,, USA
1406,83701522, ButchJocson ,, USA
1407,7.04E+17, Tambor200 ,, North Carolina USA
1408,3377551879, Smith11Vicki ,, Arizona USA
1409,875800922, mattismommi ,, UniteBlue.  West Virginia
1410,73657657, BarracudaMama ,, EIC
1411,3003765995, Blackdi51264299 ,,
1412,4068104776, Hack031958 ,,
1413,4516076294, MickBlair54 ,, Frisco CO
1414,3327155022, momjessie7 ,, United States
1415,2744839145, dan2melz ,,
1416,176678019, daliafierro ,,
1417,36156490, crocboy ,,
1418,138092553, josewhales ,, Ozark Mountains
1419,608349308, carrielattimer ,,
1420,2167585616, big_carsonrocks ,, Buffalo NY
1421,526346146, TCuccio ,,
1422,1032818844, tonpoo5219 ,, New York
1423,316700966, MichaelWright16 ,, Midwest
1424,827318624, RobNickel2 ,,
1425,598925796, Doc_JJK ,, Edinboro PA
1426,48409823, saravern ,,
1427,701276282, unionhypocrisy ,,
1428,960480480, pfseth ,, Pittsburgh
1429,715261196, RickBaker17 ,, PA
1430,2713061568, PaulPyle ,, Nampa Idaho
1431,3257389375, robert_holt_198 ,, Columbia SC
1432,2420941400, democrat_ebooks ,,
1433,7.14E+17, friends_guns ,, Auburn ME
1434,4856285775, CraZeyNinJa ,,
1435,146510317, harpyonside ,,  State
1436,7.04E+17, WEMUSTSTOPTRUMP ,, America
1437,3435940588, MarieMa49685063 ,,
1438,41832880, danjapan7 ,,
1439,3283811719, RepublicanMvmnt ,,
1440,1957837244, misinsimilla ,, Anywhere USA
1441,202750031, _Richard_A_King ,,
1442,7.10E+17, OrlandoMilian8 ,, Hialeah FL
1443,3271255423, TeamTrumpAZ ,, HATER S NOT WELCOME
1444,1401082044, pearlints ,,
1445,24655516, DrKC4 ,, Midwest
1446,631865146, NicholasTyrone ,, London
1447,15649724, rggepi ,,
1448,402061844, Juliann990 ,,
1449,95354681, wivoutadoubt ,,
1450,2233309986, lquartl ,,
1451,2312175253, djlyles45 ,,
1452,2559582960, triumphtimes ,, United States of America
1453,1512642086, Coco1Hunter ,, Trumpville
1454,110978799, gayle639 ,,
1455,23966021, LostMapleTX ,, San Antonio Texas
1456,4856364013, Kellydanes1 ,, Phoenix AZ
1457,4853922562, wandashelton94 ,,
1458,2491964094, cyndiwanek ,, Texas in rwnj country
1459,3164614729, Rdenee ,,
1460,451743701, JennyLewis23 ,, Tampa FL
1461,467932000, cachobweeney ,, Florida USA
1462,2562506614, 2016Noel ,, Future Christen Noel C Grace
1463,3330557069, Born2RunJosh ,, Ohio USA
1464,16225882, deaninwaukesha ,, Waukesha Wisconsin
1465,7.06E+17, Debiester1963 ,, Johns Creek GA
1466,901903482, OmaTalley1 ,, Newport Beach CA
1467,49299982, momness1 ,, Illinois
1468,4900516826, BeaQwhyit ,, TN
1469,24655764, doncastella ,, Lake County Illinois
1470,1930793629, mgd4177 ,, NW Indiana
1471,52775857, kmfzzz ,, Virginia
1472,2477578740, dust52moor ,, Tyler TX
1473,3750347244, bbodine18457 ,, Texas USA
1474,1123268714, mikeyb3102 ,,
1475,2477028826, krom1781 ,, USA
1476,22730293, WRyanMcCann ,,
1477,411902451, kimmons2 ,, Corinth Ms.
1478,7.05E+17, vanessa72557 ,, North Carolina
1479,3150562796, MartialFootball ,, World Wide
1480,1655470728, JamieW1776 ,, Nunyabizness
1481,3066322006, Richboi2602 ,, the cloud
1482,175907485, RESPECTPUNK434 ,,
1483,101640907, CarolVicic ,,
1484,3059352001, DavesBigWife ,,
1485,22903233, DaBearsk ,, In My Lane - #TeamHeidi
1486,860807707, JackieJackielg ,,
1487,6.99E+17, LiveFreedomOrDi ,, South Carolina
1488,83701522, ButchJocson ,, USA
1489,7.16E+17, jomo32284 ,, United States
1490,121138796, offgridnews ,,
1491,2899031701, TrimbleSam ,, Conway AR
1492,427610031, Tnyankeefan35 ,,
1493,921460356, varadmehta ,, Philly Burbs
1494,2209420577, globaker56 ,,
1495,3315192012, ForTrump2016 ,, State of Texas
1496,34160624, jeffscottshow ,,
1497,24655764, doncastella ,, Lake County Illinois
1498,529065457, bsusbielles ,, Hunters Creek FL
1499,19548690, LarryChoateIII ,, Seattle WA
1500,19048952, JangoBear ,, Chicago at the moment then TX.
1501,85161137, sweetyw ,,
1502,904132304, KMalamisura ,,
1503,166362103, RighT_QueeN ,,
1504,4826927664, CFRAZIER329 ,, Georgia USA
1505,7.10E+17, mariaelena7890 ,,
1506,7.04E+17, RosarioReynos10 ,, Texas USA
1507,2843151641, Test_lives ,, WWE City
1508,180965632, rosheenamend ,,
1509,319276183, terralynn68 ,, Blackshear GA/ Floridian
1510,2762251732, lisam02184 ,, Braintree MA
1511,2349065176, whitebg19611 ,, earth
1512,293602749, QuieroUSA ,,
1513,886912231, sydneyluv15 ,,
1514,20381381, clk_1257 ,, Texas USA
1515,2498953909, GEEPENNIN ,,
1516,223896073, LauraWilsonGal ,, Southold NY
1517,239152264, kswatchman ,, flyover country
1518,38100957, thecivilcomment ,, Nebraska
1519,4031369063, lessguns ,, Greater Philadelphia Area PA
1520,1277481013, CharCharbag ,, ft lauderdale florida
1521,67503749, CarolMBoothe ,,
1522,3410689588, FrenchForTrump ,, Miami FL
1523,7.10E+17, moran14_renee ,,
1524,1393119763, DemonNinjaLlama ,, Tennessee USA
1525,930776510, Chi2SoCal2LV ,,
1526,4769536303, ToscaAusten ,, Manhattan NY
1527,14725538, asbelmontes ,, lafayette la
1528,7.10E+17, moran14_renee ,,
1529,4728538761, Jesse75451319 ,,
1530,1315611218, Ronrbone ,, Nebraska USA
1531,22631445, ChrisMillsCCN ,, Phoenix AZ
1532,42683999, portdauphin ,, Alabama USA
1533,1646652542, RMS_Tango ,, Bend OR
1534,4854174275, TomBigtom77 ,, North Dakota USA
1535,860337132, shelbydoll1 ,,
1536,4857707848, dharris1542 ,,
1537,1938948913, LocoLobo79 ,, #21stCenturyConservative
1538,48215218, bend_time ,, LA
1539,58188416, YankInGeorgia ,, I am here where I am.
1540,296834171, HumphreyBohun ,, Wien
1541,7.12E+17, TexHellCat ,, Texas USA
1542,35414382, JoeFL65 ,, Southwest Floridae
1544,740874799, chrgdup1973 ,, #TrumpTrain
1545,4086424329, marineshamus ,,
1546,986137219, TatsNHeelz ,, Oklahoma
1547,563101204, 8ironchip ,, NJ- U got a problem with that?
1548,47253430, BamaStephen ,, Alabama
1549,15395753, willcollier ,, Atlanta GA
1550,813311743, NumbersMuncher ,,
1551,3407362587, brant_roger ,,
1552,466864852, BoSnerdley ,, Southern Command
1553,2817648806, AndrewRalph7 ,, Meath Ireland
1554,3044026540, TheNoxemaGirl ,,
1555,1420998086, TipToe51 ,, East Tennessee
1556,3170577155, kessmom22 ,, New Jersey USA
1557,3283723057, Lisa22545183 ,, Georgia USA
1558,134976956, MikeDBears34 ,, Atlanta  GA
1559,7.04E+17, Tambor200 ,, North Carolina USA
1560,7.03E+17, tooyoung65 ,, United States
1561,16124531, MalcolmOutLoud ,,
1562,493496429, ettamaem ,,
1563,16899981, joewardpr ,, Cape Breton Nova Scotia
1564,1732070107, Latheman1791 ,, Ohio
1565,3010052075, AlexSmith1964 ,, London Somewhere
1566,4784596178, keywestcliff2 ,, Key West FL
1567,286179981, JamesBham ,, Pelham/Alabaster
1568,21026095, jccolyer ,, Seaside HeightsNJ USA
1569,3107789626, MistahOso ,, somewhere in the north.
1570,4855352961, AlisonLayell ,,
1571,715261196, RickBaker17 ,, PA
1572,7.01E+17, jasonandrewsol ,, San Antonio TX
1573,17012466, LeftCoastLarry ,, Convergence Zone WA
1574,7.03E+17, DonaId_Trump_ ,,
1575,3598959794, ver_wey ,, Colorado USA
1576,863913246, rbdorsett ,, Frederick MD
1577,400294294, birrdytalk ,, ohio
1578,227064026, shotwave ,, Jackson MS 601-405-9622
1579,65678753, Padoozles ,, Fort Worth Texas  (#DFW #TX)
1580,615360297, DianneSteiner ,,
1581,159230211, tammytabby ,, Georgia
1582,3410667189, DGrant39107133 ,,
1583,322889609, MargaritaCarab1 ,,
1584,263628367, okiephilosopher ,, Oklahoma City Ok
1585,832442269, studridergxsr ,,
1586,4592999661, dabstweets ,, Knoxville TN
1587,363157939, abruchs ,, Washington DC
1588,3543304213, AACCaucus ,,
1589,3550618826, AACConf ,,
1590,1661566926, TPartyScott ,, Chandler AZ USA
1591,600467609, DemocracyMotion ,,
1592,7.03E+17, DonaId_Trump_ ,,
1593,7.10E+17, ed_grimly ,,
1594,1865674987, makeliberalscry ,, River Oaks Houston
1595,1638132391, Taylor_Pechin ,,
1596,32452446, JewelsinMo ,,
1597,33020165, BetsMiller_64 ,, Indiana
1598,7.06E+17, Kathywa48814788 ,,
1599,3309967506, AmyRose77253769 ,,
1600,389987139, TheStoicSeer ,, look behind you
1601,4504524141, DHW2016 ,, Ohio USA
1602,3265850268, oneontadave ,, Oneonta NY
1603,28277980, Amaliada ,, Langley Washington
1604,67787696, attytray ,,
1605,127422371, rammer0100 ,, alta loma california
1606,454323057, murmiles ,, People's Republic of Broward
1607,103000520, AdamShah1972 ,,
1608,15964481, ostrom ,, Pacific Northwest
1609,433327429, OmarBradley5 ,,
1610,461409282, deborahrieck ,, orange virginia
1611,29929522, Immune30 ,,
1612,433158220, trusttoverify ,,
1613,466109180, sunne1954 ,, seaview wa  usa
1614,368431045, Scott_In_Worc ,, Worcester Massachusetts USA
1615,24101774, SethP23 ,, ATL
1616,53503202, kharyp ,, WI 5th Congressional District
1617,4827828404, bcnaturelady ,, United States
1618,4221892522, rose10052 ,, mid west
1619,109854452, ohiomail ,, New York
1620,7.03E+17, NeverNeverTrump ,, United States
1621,1558571143, MErb1962 ,,
1622,423219576, Teeroyd ,, montana
1623,3328231984, claudia_dior ,, New York USA
1624,951225554, BobSmith4152 ,, San Francisco
1625,2923910956, mwbrown51358 ,,
1626,7.13E+17, RoseLeon111 ,, United States
1627,971712865, 745h74 ,,
1628,7.19E+17, NoTrumpEver ,, USA
1629,49835691, BushwackCA ,, The PROK (Kalifornia)
1630,563760715, RC5251 ,,
1631,2190334998, boandsunny ,, boandsunny
1632,44377087, DomusUSA ,, Atlanta GA
1633,2473283400, joanndunn17 ,, monroe twp nj Spartanburg SC
1634,3752361681, TroyBlayne ,,
1635,4495687414, mezzsingchur ,,
1636,496561306, TheFearFan ,, St. Louis
1637,2188134819, sokicamz ,,
1638,7.01E+17, jimhen68 ,, Maryland USA
1639,164554495, rob_strifeheart ,, Minneapolis
1640,461409282, deborahrieck ,, orange virginia
1641,569612713, dawalf ,,
1642,7.03E+17, DonaId_Trump_ ,,
1643,490975532, larouti ,,
1644,4240451052, politicaljunque ,,
1645,20435808, HomerWhite ,,
1646,7.13E+17, rightwingsiren ,,
1647,1267362949, Keeping__Real ,, Washington D.C.
1648,42222564, elavoie ,, Montreal
1649,3100086245, PolincoNews ,,
1650,2163314342, Kaboom1776 ,, Binningen Schweiz
1651,2305879171, satirist_indian ,, India
1652,7.05E+17, j_ronniej3333 ,, United States
1653,63843485, Tea4Freedom ,, Trumpville USA
1654,255376157, Mark_B_707 ,, Greenville South Carolina
1655,3285693535, RealRobertBoud ,,
1656,57603422, Sanjay25_ ,, New York USA
1657,180542862, SaveAslave ,, USA
1658,23140272, christint ,,
1659,136154921, bboneusa ,,
1660,16274668, PennyFinn1 ,,
1661,3309746437, shelleybear66 ,,
1662,1850028188, ksuzi12 ,,
1663,4140823399, cameo610cameo6 ,,
1664,557789129, angelaj987 ,,
1665,2178310401, concerningtimes ,,
1666,40943744, gillatina ,,
1667,864687984, aubrey111 ,,
1668,3665010436, stockpicker151 ,,
1669,526346146, TCuccio ,,
1670,60667165, hwhittle74 ,, Tennessee
1671,2954831674, mandersonhare1 ,, Colorado
1672,20435808, HomerWhite ,,
1673,7.05E+17, mcconnelljamesp ,, United States - New Hampshire
