SN,STATE,COUNTY,VOTES
0,Alabama,Autauga,3627.783853
1,Alabama,Baldwin,19139.90793
2,Alabama,Barbour,4004.291703
3,Alabama,Bibb,6521.205939
4,Alabama,Blount,5070.553214
5,Alabama,Bullock,3263.712663
6,Alabama,Butler,4150.932152
7,Alabama,Calhoun,3687.065237
8,Alabama,Chambers,3750.787824
9,Alabama,Cherokee,3326.25049
10,Alabama,Chilton,3419.966245
11,Alabama,Choctaw,4497.856323
12,Alabama,Clarke,18229.4025
13,Alabama,Clay,3899.927541
14,Alabama,Cleburne,3476.695982
15,Alabama,Coffee,4447.442782
16,Alabama,Colbert,6576.449282
17,Alabama,Conecuh,3865.800794
18,Alabama,Coosa,3237.768703
19,Alabama,Covington,4401.426102
20,Alabama,Crenshaw,4118.528084
21,Alabama,Cullman,8253.932761
22,Alabama,Dale,3666.100388
23,Alabama,Dallas,92582.79123
24,Alabama,Elmore,3970.530094
25,Alabama,Escambia,6221.354106
26,Alabama,Etowah,6195.000907
27,Alabama,Fayette,4261.945797
28,Alabama,Franklin,4278.956743
29,Alabama,Geneva,3187.299332
30,Alabama,Greene,4036.63439
31,Alabama,Hale,7042.44609
32,Alabama,Henry,4034.484601
33,Alabama,Houston,54582.37012
34,Alabama,Jackson,3394.226124
35,Alabama,Jefferson,4783.55871
36,Alabama,Lamar,6000.151486
37,Alabama,Lauderdale,4077.424399
38,Alabama,Lawrence,3728.186085
39,Alabama,Lee,3091.576718
40,Alabama,Limestone,3809.809439
41,Alabama,Lowndes,6199.034426
42,Alabama,Macon,11089.02864
43,Alabama,Madison,5581.886049
44,Alabama,Marengo,5005.982044
45,Alabama,Marion,4117.766497
46,Alabama,Marshall,4900.868809
47,Alabama,Mobile,5797.560092
48,Alabama,Monroe,4089.04504
49,Alabama,Montgomery,3705.710352
50,Alabama,Morgan,12829.21759
51,Alabama,Perry,4542.556343
52,Alabama,Pickens,3484.199763
53,Alabama,Pike,6983.631067
54,Alabama,Randolph,55151.98118
55,Alabama,Russell,4166.218345
56,Alabama,Shelby,3705.09686
57,Alabama,Sumter,9713.718923
58,Alabama,Talladega,3480.47568
59,Alabama,Tallapoosa,4658.619156
60,Alabama,Tuscaloosa,3789.696399
61,Alabama,Walker,3876.882801
62,Alabama,Washington,4727.463828
63,Alabama,Wilcox,5088.557068
64,Alabama,Winston,6697.571332
65,Arizona,Apache,3920.402916
66,Arizona,Cochise,4104.840862
67,Arizona,Coconino,4511.472739
68,Arizona,Gila,85425.36994
69,Arizona,Graham,5824.582933
70,Arizona,Greenlee,6719.954917
71,Arizona,La Paz,3473.245747
72,Arizona,Maricopa,4585.70025
73,Arizona,Mohave,3776.318014
74,Arizona,Navajo,4337.887385
75,Arizona,Pima,9943.574464
76,Arizona,Pinal,3497.175363
77,Arizona,Santa Cruz,11260.5253
78,Arizona,Yavapai,4116.92418
79,Arizona,Yuma,4313.623898
80,Arkansas,Arkansas,4218.813304
81,Arkansas,Ashley,7145.622041
82,Arkansas,Baxter,4004.476967
83,Arkansas,Benton,4147.564022
84,Arkansas,Boone,3999.297354
85,Arkansas,Bradley,4540.167482
86,Arkansas,Calhoun,4237.537571
87,Arkansas,Carroll,3885.344692
88,Arkansas,Chicot,11798.02453
89,Arkansas,Clark,14888.76392
90,Arkansas,Clay,3593.136888
91,Arkansas,Cleburne,3521.96345
92,Arkansas,Cleveland,4340.101849
93,Arkansas,Columbia,3835.812984
94,Arkansas,Conway,4592.241628
95,Arkansas,Craighead,3140.744256
96,Arkansas,Crawford,3454.254399
97,Arkansas,Crittenden,3728.477727
98,Arkansas,Cross,6383.292939
99,Arkansas,Dallas,3093.660723
100,Arkansas,Desha,2814.740478
101,Arkansas,Drew,3339.168208
102,Arkansas,Faulkner,4906.969416
103,Arkansas,Franklin,4489.785469
104,Arkansas,Fulton,6687.975797
105,Arkansas,Garland,9023.830996
106,Arkansas,Grant,4160.086784
107,Arkansas,Greene,4673.37775
108,Arkansas,Hempstead,4334.421706
109,Arkansas,Hot Spring,3710.676565
110,Arkansas,Howard,7403.713885
111,Arkansas,Independence,3336.047717
112,Arkansas,Izard,16388.14029
113,Arkansas,Jackson,4307.386456
114,Arkansas,Jefferson,4917.863405
115,Arkansas,Johnson,5562.62942
116,Arkansas,Lafayette,3521.121962
117,Arkansas,Lawrence,9063.907639
118,Arkansas,Lee,4229.720471
119,Arkansas,Lincoln,9109.610265
120,Arkansas,Little River,4019.660621
121,Arkansas,Logan,38628.52538
122,Arkansas,Lonoke,3977.628641
123,Arkansas,Madison,3597.351665
124,Arkansas,Marion,2948.947303
125,Arkansas,Miller,3546.303806
126,Arkansas,Mississippi,4080.076051
127,Arkansas,Monroe,3479.644292
128,Arkansas,Montgomery,7785.744474
129,Arkansas,Nevada,3304.604527
130,Arkansas,Newton,22526.22173
131,Arkansas,Ouachita,3282.891557
132,Arkansas,Perry,4418.158794
133,Arkansas,Phillips,4364.131742
134,Arkansas,Pike,4357.647702
135,Arkansas,Poinsett,5456.905926
136,Arkansas,Polk,4827.095363
137,Arkansas,Pope,16168.19766
138,Arkansas,Prairie,4675.685621
139,Arkansas,Pulaski,3799.38951
140,Arkansas,Randolph,3973.429661
141,Arkansas,Saline,4798.400016
142,Arkansas,Scott,11235.72284
143,Arkansas,Searcy,3688.306717
144,Arkansas,Sebastian,14614.54963
145,Arkansas,Sevier,3670.524663
146,Arkansas,Sharp,5167.944317
147,Arkansas,Stone,6238.350282
148,Arkansas,Union,4145.859749
149,Arkansas,Van Buren,3033.402531
150,Arkansas,Washington,4117.068889
151,Arkansas,White,3365.047862
152,Arkansas,Woodruff,4795.078193
153,Arkansas,Yell,4662.329528
154,Colorado,Adams,3773.750218
155,Colorado,Alamosa,3535.837846
156,Colorado,Arapahoe,3967.666054
157,Colorado,Archuleta,3058.418046
158,Colorado,Baca,3552.465432
159,Colorado,Bent,3063.083816
160,Colorado,Boulder,7948.151753
161,Colorado,Broomfield,3631.572278
162,Colorado,Chaffee,4633.888768
163,Colorado,Cheyenne,3818.496239
164,Colorado,Clear Creek,4174.5959
165,Colorado,Conejos,3786.289031
166,Colorado,Costilla,3527.220285
167,Colorado,Crowley,5011.28781
168,Colorado,Custer,3388.388046
169,Colorado,Delta,8494.823745
170,Colorado,Denver,9403.244974
171,Colorado,Dolores,4383.64441
172,Colorado,Douglas,3321.148238
173,Colorado,Eagle,3955.403423
174,Colorado,Elbert,5114.373679
175,Colorado,El Paso,4943.263938
176,Colorado,Fremont,7276.86508
177,Colorado,Garfield,16199.71311
178,Colorado,Gilpin,3433.444216
179,Colorado,Grand,2750.938767
180,Colorado,Gunnison,4432.720557
181,Colorado,Hinsdale,3635.526044
182,Colorado,Huerfano,4197.364972
183,Colorado,Jackson,3754.379597
184,Colorado,Jefferson,31512.33677
185,Colorado,Kiowa,6863.831637
186,Colorado,Kit Carson,4369.999791
187,Colorado,Lake,3274.218174
188,Colorado,La Plata,3778.117388
189,Colorado,Larimer,10373.13976
190,Colorado,Las Animas,3922.364889
191,Colorado,Lincoln,4134.913395
192,Colorado,Logan,4450.498483
193,Colorado,Mesa,7497.723857
194,Colorado,Mineral,5212.426326
195,Colorado,Moffat,4769.181781
196,Colorado,Montezuma,3660.106605
197,Colorado,Montrose,3423.703534
198,Colorado,Morgan,3698.461828
199,Colorado,Otero,6712.066069
200,Colorado,Ouray,3794.543348
201,Colorado,Park,3949.354797
202,Colorado,Phillips,6718.154789
203,Colorado,Pitkin,3437.275264
204,Colorado,Prowers,4504.513987
205,Colorado,Pueblo,4608.705863
206,Colorado,Rio Blanco,9778.320934
207,Colorado,Rio Grande,4870.075957
208,Colorado,Routt,3647.193615
209,Colorado,Saguache,4671.784868
210,Colorado,San Juan,20816.61913
211,Colorado,San Miguel,4866.002687
212,Colorado,Sedgwick,8765.582471
213,Colorado,Summit,4290.246388
214,Colorado,Teller,30718.44483
215,Colorado,Washington,11240.02324
216,Colorado,Weld,3424.796452
217,Colorado,Yuma,3623.530876
218,Florida,Alachua,3705.15271
219,Florida,Baker,6057.142651
220,Florida,Bay,47053.20012
221,Florida,Bradford,4730.978515
222,Florida,Brevard,6461.841116
223,Florida,Broward,4542.997003
224,Florida,Calhoun,4322.774564
225,Florida,Charlotte,5945.007799
226,Florida,Citrus,3521.156503
227,Florida,Clay,6495.115383
228,Florida,Collier,3418.110781
229,Florida,Columbia,33147.95203
230,Florida,Dixie,5198.965952
231,Florida,Duval,5182.409416
232,Florida,Escambia,6115.63358
233,Florida,Flagler,5141.480998
234,Florida,Franklin,4220.280143
235,Florida,Gadsden,4523.618055
236,Florida,Gilchrist,6794.257611
237,Florida,Glades,3246.279809
238,Florida,Gulf,4086.397304
239,Florida,Hamilton,3704.585187
240,Florida,Hardee,9179.044169
241,Florida,Hendry,6429.769827
242,Florida,Hernando,5381.90428
243,Florida,Highlands,3365.611632
244,Florida,Hillsborough,3409.78827
245,Florida,Holmes,3315.710396
246,Florida,Indian River,3873.579182
247,Florida,Jackson,3231.878473
248,Florida,Jefferson,3596.502432
249,Florida,Lafayette,5983.773926
250,Florida,Lake,4392.983115
251,Florida,Lee,3791.675896
252,Florida,Leon,5981.062165
253,Florida,Levy,3466.121908
254,Florida,Liberty,4025.677043
255,Florida,Madison,3598.69115
256,Florida,Manatee,3850.537299
257,Florida,Marion,5278.033043
258,Florida,Martin,3482.108197
259,Florida,Miami-Dade,3522.409869
260,Florida,Monroe,3099.851931
261,Florida,Nassau,6288.24358
262,Florida,Okeechobee,3824.661052
263,Florida,Orange,5691.314896
264,Florida,Osceola,3744.156355
265,Florida,Palm Beach,4180.632639
266,Florida,Pasco,5044.397377
267,Florida,Pinellas,5697.694256
268,Florida,Polk,4372.459972
269,Florida,Putnam,4996.201256
270,Florida,Santa Rosa,4576.719737
271,Florida,Sarasota,5318.798043
272,Florida,Seminole,3729.384872
273,Florida,Sumter,4742.793629
274,Florida,Suwannee,6400.369394
275,Florida,Taylor,3793.388036
276,Florida,Union,5675.058729
277,Florida,Volusia,4174.712373
278,Florida,Wakulla,4345.492442
279,Florida,Walton,3797.087564
280,Florida,Washington,5528.32826
281,Georgia,Appling,4604.360017
282,Georgia,Atkinson,42509.5323
283,Georgia,Bacon,4710.938113
284,Georgia,Baker,3537.886554
285,Georgia,Baldwin,3506.770507
286,Georgia,Banks,4780.934481
287,Georgia,Barrow,8534.509465
288,Georgia,Bartow,4658.470553
289,Georgia,Ben Hill,3312.074843
290,Georgia,Berrien,4563.129901
291,Georgia,Bibb,4296.351534
292,Georgia,Bleckley,3732.282319
293,Georgia,Brantley,6565.485008
294,Georgia,Brooks,3250.165393
295,Georgia,Bryan,0
296,Georgia,Bulloch,6411.587025
297,Georgia,Burke,3421.363642
298,Georgia,Butts,3240.344442
299,Georgia,Calhoun,3705.28293
300,Georgia,Camden,4899.821129
301,Georgia,Candler,18762.61792
302,Georgia,Carroll,3307.320665
303,Georgia,Catoosa,4028.077701
304,Georgia,Charlton,3525.893892
305,Georgia,Chatham,6442.117495
306,Georgia,Chattahoochee,4429.461354
307,Georgia,Chattooga,8434.87873
308,Georgia,Cherokee,3481.010018
309,Georgia,Clarke,3573.584897
310,Georgia,Clay,3985.285209
311,Georgia,Clayton,4711.382578
312,Georgia,Clinch,5296.189914
313,Georgia,Cobb,4616.726245
314,Georgia,Coffee,5817.02081
315,Georgia,Colquitt,4512.000463
316,Georgia,Columbia,15721.2768
317,Georgia,Cook,5443.98709
318,Georgia,Coweta,3766.992709
319,Georgia,Crawford,7924.502376
320,Georgia,Crisp,6184.436243
321,Georgia,Dade,3616.515723
322,Georgia,Dawson,3668.270732
323,Georgia,Decatur,5957.982711
324,Georgia,Dodge,5731.49326
325,Georgia,Dooly,3952.123195
326,Georgia,Dougherty,4579.067256
327,Georgia,Douglas,6041.135218
328,Georgia,Early,4697.851148
329,Georgia,Echols,4087.613978
330,Georgia,Effingham,3662.259086
331,Georgia,Elbert,4635.609658
332,Georgia,Emanuel,6011.017679
333,Georgia,Evans,3333.161306
334,Georgia,Fannin,5979.02048
335,Georgia,Fayette,6111.042367
336,Georgia,Floyd,4304.1035
337,Georgia,Forsyth,18349.17754
338,Georgia,Franklin,9488.004027
339,Georgia,Fulton,4986.705722
340,Georgia,Gilmer,6886.917297
341,Georgia,Glascock,5022.756484
342,Georgia,Glynn,4112.04791
343,Georgia,Gordon,3901.567109
344,Georgia,Grady,4626.194771
345,Georgia,Greene,12949.78424
346,Georgia,Gwinnett,4719.692033
347,Georgia,Habersham,4433.674163
348,Georgia,Hall,4463.44127
349,Georgia,Hancock,4264.542682
350,Georgia,Haralson,3613.612369
351,Georgia,Harris,4555.603797
352,Georgia,Hart,7199.882068
353,Georgia,Heard,21610.77712
354,Georgia,Henry,11874.86541
355,Georgia,Houston,5227.392556
356,Georgia,Irwin,4285.924728
357,Georgia,Jackson,18318.77172
358,Georgia,Jasper,3836.726038
359,Georgia,Jeff Davis,4195.373881
360,Georgia,Jefferson,3524.465428
361,Georgia,Jenkins,7350.21462
362,Georgia,Johnson,4559.955431
363,Georgia,Jones,3775.720909
364,Georgia,Lamar,3910.230581
365,Georgia,Lanier,3714.48687
366,Georgia,Laurens,3484.979418
367,Georgia,Lee,8132.823085
368,Georgia,Liberty,6185.492583
369,Georgia,Lincoln,4103.14975
370,Georgia,Long,3284.452971
371,Georgia,Lowndes,4204.436123
372,Georgia,Lumpkin,6050.025466
373,Georgia,Macon,3285.591006
374,Georgia,Madison,4085.250509
375,Georgia,Marion,5631.376177
376,Georgia,McDuffie,3154.171723
377,Georgia,McIntosh,3782.923824
378,Georgia,Meriwether,3569.934162
379,Georgia,Miller,6104.16139
380,Georgia,Mitchell,3061.512916
381,Georgia,Monroe,3591.91062
382,Georgia,Montgomery,4032.902759
383,Georgia,Morgan,3863.753875
384,Georgia,Murray,3812.459891
385,Georgia,Muscogee,2725.539479
386,Georgia,Newton,4675.953837
387,Georgia,Oconee,4555.40028
388,Georgia,Oglethorpe,4223.444478
389,Georgia,Paulding,3214.405372
390,Georgia,Peach,2961.633751
391,Georgia,Pickens,31067.01108
392,Georgia,Pierce,3266.308435
393,Georgia,Pike,2494.549921
394,Georgia,Polk,6616.80549
395,Georgia,Pulaski,5608.582452
396,Georgia,Putnam,3861.115661
397,Georgia,Quitman,3663.431901
398,Georgia,Rabun,2715.965837
399,Georgia,Randolph,3161.311402
400,Georgia,Richmond,5544.149787
401,Georgia,Rockdale,11723.11069
402,Georgia,Schley,3527.848558
403,Georgia,Screven,4331.002937
404,Georgia,Seminole,3535.169564
405,Georgia,Spalding,6409.763393
406,Georgia,Stephens,3429.915797
407,Georgia,Stewart,11399.84416
408,Georgia,Sumter,3982.985414
409,Georgia,Talbot,5475.040703
410,Georgia,Taliaferro,5655.055498
411,Georgia,Tattnall,31113.74449
412,Georgia,Taylor,3980.209961
413,Georgia,Telfair,5047.918887
414,Georgia,Terrell,4255.84238
415,Georgia,Thomas,3647.3013
416,Georgia,Tift,4076.0177
417,Georgia,Toombs,4734.022728
418,Georgia,Towns,4228.019564
419,Georgia,Treutlen,4092.011845
420,Georgia,Troup,3529.733563
421,Georgia,Turner,4702.47378
422,Georgia,Twiggs,3857.710149
423,Georgia,Union,10596.65839
424,Georgia,Upson,10424.40286
425,Georgia,Walker,3947.725823
426,Georgia,Walton,3829.081446
427,Georgia,Ware,3565.89361
428,Georgia,Warren,6806.037728
429,Georgia,Washington,3823.864084
430,Georgia,Wayne,3365.053064
431,Georgia,Webster,4728.019283
432,Georgia,Wheeler,3197.131863
433,Georgia,White,4894.137745
434,Georgia,Whitfield,4016.882296
435,Georgia,Wilcox,3521.094771
436,Georgia,Wilkes,4715.59953
437,Georgia,Wilkinson,2440.424101
438,Georgia,Worth,3877.890392
439,Idaho,Ada,10088.80017
440,Idaho,Adams,2932.994537
441,Idaho,Bannock,5517.372014
442,Idaho,Bear Lake,4082.74064
443,Idaho,Benewah,5331.007387
444,Idaho,Bingham,3353.401783
445,Idaho,Blaine,3128.973933
446,Idaho,Boise,5028.955151
447,Idaho,Bonner,4093.919344
448,Idaho,Bonneville,5857.754616
449,Idaho,Boundary,6621.149341
450,Idaho,Butte,4072.488012
451,Idaho,Camas,4086.544684
452,Idaho,Canyon,7587.835314
453,Idaho,Caribou,4917.149503
454,Idaho,Cassia,3493.595725
455,Idaho,Clark,4508.652917
456,Idaho,Clearwater,4940.772404
457,Idaho,Custer,3174.773878
458,Idaho,Elmore,4306.793705
459,Idaho,Franklin,6801.344744
460,Idaho,Fremont,5964.284993
461,Idaho,Gem,3044.687425
462,Idaho,Gooding,3593.534853
463,Idaho,Jefferson,5099.809794
464,Idaho,Jerome,5701.143494
465,Idaho,Kootenai,5880.451824
466,Idaho,Latah,3806.648641
467,Idaho,Lemhi,3449.465604
468,Idaho,Lewis,16274.31443
469,Idaho,Lincoln,6327.528282
470,Idaho,Madison,2850.597606
471,Idaho,Minidoka,6940.245271
472,Idaho,Nez Perce,19390.39238
473,Idaho,Oneida,3919.692052
474,Idaho,Owyhee,3396.721549
475,Idaho,Payette,3492.687972
476,Idaho,Power,4356.033777
477,Idaho,Shoshone,3862.99083
478,Idaho,Teton,5865.506145
479,Idaho,Twin Falls,5547.637487
480,Idaho,Valley,13744.30502
481,Idaho,Washington,3799.698948
482,Illinois,Adams,3338.017016
483,Illinois,Alexander,4388.834324
484,Illinois,Bond,7813.309024
485,Illinois,Boone,15902.34164
486,Illinois,Brown,4489.822192
487,Illinois,Bureau,3420.309723
488,Illinois,Calhoun,8831.037857
489,Illinois,Carroll,4043.448638
490,Illinois,Cass,3568.679964
491,Illinois,Champaign,9657.906127
492,Illinois,Christian,4054.653641
493,Illinois,Clark,4626.046467
494,Illinois,Clay,3932.419322
495,Illinois,Clinton,4524.806035
496,Illinois,Coles,5078.044154
497,Illinois,Crawford,14553.47906
498,Illinois,Cumberland,7581.05925
499,Illinois,Douglas,3468.58761
500,Illinois,Edgar,4798.158493
501,Illinois,Edwards,4219.257586
502,Illinois,Effingham,4149.440067
503,Illinois,Fayette,3798.220677
504,Illinois,Ford,8585.446323
505,Illinois,Franklin,3600.297693
506,Illinois,Fulton,12262.99038
507,Illinois,Gallatin,4441.320373
508,Illinois,Greene,4832.987141
509,Illinois,Grundy,6766.062242
510,Illinois,Hamilton,3820.031819
511,Illinois,Hancock,6359.79717
512,Illinois,Hardin,6788.327433
513,Illinois,Henderson,4635.284666
514,Illinois,Henry,10609.45185
515,Illinois,Iroquois,5799.82629
516,Illinois,Jackson,4001.120443
517,Illinois,Jasper,6115.222317
518,Illinois,Jefferson,2941.974421
519,Illinois,Jersey,3914.96487
520,Illinois,Johnson,4011.137622
521,Illinois,Kane,4337.619129
522,Illinois,Kankakee,6078.777618
523,Illinois,Kendall,3890.501501
524,Illinois,Knox,3564.588784
525,Illinois,Lake,4892.483353
526,Illinois,Lawrence,4246.727411
527,Illinois,Lee,4098.948598
528,Illinois,Livingston,4827.306337
529,Illinois,Logan,4602.321719
530,Illinois,Macon,4157.134798
531,Illinois,Macoupin,7504.904105
532,Illinois,Madison,3885.266848
533,Illinois,Marion,3889.812703
534,Illinois,Marshall,4176.008915
535,Illinois,Mason,3714.875531
536,Illinois,Massac,27972.22275
537,Illinois,McDonough,13884.39404
538,Illinois,McHenry,4750.789153
539,Illinois,McLean,5593.560895
540,Illinois,Menard,5855.167045
541,Illinois,Mercer,4107.010909
542,Illinois,Monroe,4139.214203
543,Illinois,Montgomery,5355.719386
544,Illinois,Morgan,4424.705511
545,Illinois,Moultrie,4029.509929
546,Illinois,Ogle,6126.626976
547,Illinois,Peoria,3291.304359
548,Illinois,Perry,6001.823173
549,Illinois,Piatt,15298.08804
550,Illinois,Pike,9811.829784
551,Illinois,Pope,3930.76609
552,Illinois,Pulaski,4757.774528
553,Illinois,Putnam,46569.28844
554,Illinois,Randolph,1711.501492
555,Illinois,Richland,5457.436443
556,Illinois,Rock Island,3731.379684
557,Illinois,Saline,7998.916216
558,Illinois,Sangamon,3670.858546
559,Illinois,Schuyler,4104.124247
560,Illinois,Scott,6173.987818
561,Illinois,Shelby,8501.183156
562,Illinois,Stark,4002.191116
563,Illinois,Stephenson,3416.16722
564,Illinois,Tazewell,4153.443799
565,Illinois,Union,5545.449279
566,Illinois,Vermilion,3605.357462
567,Illinois,Wabash,5212.657937
568,Illinois,Warren,6461.732945
569,Illinois,Washington,4080.549265
570,Illinois,Wayne,3780.76268
571,Illinois,White,3688.500939
572,Illinois,Whiteside,4182.639248
573,Illinois,Will,5379.76994
574,Illinois,Williamson,5002.370085
575,Illinois,Winnebago,3129.59935
576,Illinois,Woodford,3134.132021
577,Iowa,Adair,3122.145155
578,Iowa,Adams,14905.12413
579,Iowa,Allamakee,3531.453762
580,Iowa,Appanoose,3250.3318
581,Iowa,Audubon,4577.689582
582,Iowa,Benton,3672.761054
583,Iowa,Black Hawk,3960.380954
584,Iowa,Boone,3222.146579
585,Iowa,Bremer,4005.364172
586,Iowa,Buchanan,3705.26453
587,Iowa,Buena Vista,2955.356902
588,Iowa,Butler,4694.654029
589,Iowa,Calhoun,3645.920198
590,Iowa,Carroll,4554.408795
591,Iowa,Cass,4123.894409
592,Iowa,Cedar,4401.634072
593,Iowa,Cerro Gordo,4463.581933
594,Iowa,Cherokee,4749.527973
595,Iowa,Chickasaw,14880.13099
596,Iowa,Clarke,3737.988145
597,Iowa,Clay,4487.764099
598,Iowa,Clayton,6915.87612
599,Iowa,Clinton,4063.724733
600,Iowa,Crawford,5310.997499
601,Iowa,Dallas,3504.883018
602,Iowa,Davis,5058.21891
603,Iowa,Decatur,4592.294792
604,Iowa,Delaware,3670.382575
605,Iowa,Des Moines,8897.759549
606,Iowa,Dickinson,5564.453975
607,Iowa,Dubuque,5257.248453
608,Iowa,Emmet,3924.281872
609,Iowa,Fayette,4077.493624
610,Iowa,Floyd,5010.216253
611,Iowa,Franklin,6859.595457
612,Iowa,Fremont,13995.2763
613,Iowa,Greene,3811.595033
614,Iowa,Grundy,4319.290859
615,Iowa,Guthrie,15748.07196
616,Iowa,Hamilton,3404.607951
617,Iowa,Hancock,3748.609335
618,Iowa,Hardin,3883.988622
619,Iowa,Harrison,27823.79533
620,Iowa,Henry,4069.029736
621,Iowa,Howard,3814.406072
622,Iowa,Humboldt,38104.60894
623,Iowa,Ida,4485.369006
624,Iowa,Iowa,4766.855394
625,Iowa,Jackson,3258.077828
626,Iowa,Jasper,17650.25658
627,Iowa,Jefferson,4286.47416
628,Iowa,Johnson,3915.271292
629,Iowa,Jones,3185.377339
630,Iowa,Keokuk,4713.123046
631,Iowa,Kossuth,4668.512454
632,Iowa,Lee,4839.446278
633,Iowa,Linn,4662.538235
634,Iowa,Louisa,10891.84828
635,Iowa,Lucas,6992.759598
636,Iowa,Lyon,3725.037984
637,Iowa,Madison,2919.312583
638,Iowa,Mahaska,4240.729188
639,Iowa,Marion,4573.650582
640,Iowa,Marshall,8410.191726
641,Iowa,Mills,3301.756319
642,Iowa,Mitchell,3780.631896
643,Iowa,Monona,3742.525796
644,Iowa,Monroe,45078.89951
645,Iowa,Montgomery,4672.328685
646,Iowa,Muscatine,3583.593805
647,Iowa,Osceola,3668.258649
648,Iowa,Page,4247.333631
649,Iowa,Palo Alto,8499.308976
650,Iowa,Plymouth,8918.091894
651,Iowa,Pocahontas,3544.277725
652,Iowa,Polk,6037.047437
653,Iowa,Pottawattamie,4211.648352
654,Iowa,Poweshiek,4599.606728
655,Iowa,Ringgold,3152.815845
656,Iowa,Sac,8728.236973
657,Iowa,Scott,3858.685237
658,Iowa,Shelby,3720.101477
659,Iowa,Sioux,4706.031028
660,Iowa,Story,4750.478263
661,Iowa,Tama,3557.824581
662,Iowa,Taylor,3067.194691
663,Iowa,Union,3703.795479
664,Iowa,Van Buren,8760.652885
665,Iowa,Wapello,4547.798617
666,Iowa,Warren,3696.228008
667,Iowa,Washington,4174.689509
668,Iowa,Wayne,5490.684926
669,Iowa,Webster,3747.297543
670,Iowa,Winnebago,4121.839176
671,Iowa,Winneshiek,3767.643707
672,Iowa,Woodbury,3567.552707
673,Iowa,Worth,4062.568109
674,Iowa,Wright,4294.956563
675,Louisiana,Acadia,4491.243072
676,Louisiana,Allen,4170.92883
677,Louisiana,Ascension,7192.291587
678,Louisiana,Assumption,3314.714052
679,Louisiana,Avoyelles,4381.267419
680,Louisiana,Beauregard,4050.58162
681,Louisiana,Bienville,4270.677826
682,Louisiana,Bossier,4371.540139
683,Louisiana,Caddo,4546.443245
684,Louisiana,Calcasieu,11980.48509
685,Louisiana,Caldwell,3933.909409
686,Louisiana,Cameron,4091.33759
687,Louisiana,Catahoula,3704.559517
688,Louisiana,Claiborne,3495.886684
689,Louisiana,Concordia,4635.844542
690,Louisiana,East Baton Rouge,5352.298597
691,Louisiana,East Carroll,6808.949831
692,Louisiana,East Feliciana,4057.860184
693,Louisiana,Evangeline,3044.661988
694,Louisiana,Franklin,3265.49647
695,Louisiana,Grant,4253.418009
696,Louisiana,Iberia,3746.823603
697,Louisiana,Iberville,6257.989094
698,Louisiana,Jackson,4977.461843
699,Louisiana,Jefferson,3990.317071
700,Louisiana,Lafayette,8930.033707
701,Louisiana,Lafourche,4835.990678
702,Louisiana,Lincoln,4184.097708
703,Louisiana,Livingston,6070.169593
704,Louisiana,Madison,7850.514376
705,Louisiana,Morehouse,3637.609818
706,Louisiana,Natchitoches,6486.48816
707,Louisiana,Orleans,6045.532869
708,Louisiana,Ouachita,5930.162813
709,Louisiana,Plaquemines,6881.467158
710,Louisiana,Pointe Coupee,3888.195021
711,Louisiana,Rapides,3123.882103
712,Louisiana,Red River,3260.887191
713,Louisiana,Richland,4909.101139
714,Louisiana,Sabine,3189.158642
715,Louisiana,Tangipahoa,3707.59509
716,Louisiana,Tensas,4667.24908
717,Louisiana,Terrebonne,10636.60512
718,Louisiana,Union,4757.832889
719,Louisiana,Vermilion,3989.800994
720,Louisiana,Vernon,3887.100583
721,Louisiana,Washington,4539.860389
722,Louisiana,Webster,4610.03859
723,Louisiana,West Baton Rouge,4197.752422
724,Louisiana,West Carroll,5609.414423
725,Louisiana,West Feliciana,10148.94152
726,Louisiana,Winn,4020.393061
727,Maine,Cumberland,3387.823153
728,Maine,Franklin,3765.733803
729,Maine,Hancock,47868.93905
730,Maine,Knox,3500.362842
731,Maine,Lincoln,6208.198292
732,Maine,Oxford,4850.770614
733,Maine,Penobscot,4834.457696
734,Maine,Waldo,4436.583992
735,Maine,Washington,5011.011117
736,Maine,York,4270.845403
737,Massachusetts,Barnstable,3930.934079
738,Massachusetts,Essex,4830.705874
739,Massachusetts,Franklin,4743.206012
740,Massachusetts,Hampden,3608.039053
741,Massachusetts,Nantucket,8699.423893
742,Massachusetts,Norfolk,7385.329442
743,Massachusetts,Plymouth,4451.746904
744,Massachusetts,Worcester,3833.220654
745,Michigan,Alcona,6213.511114
746,Michigan,Alger,10506.83027
747,Michigan,Allegan,3148.13405
748,Michigan,Alpena,4919.339354
749,Michigan,Antrim,6178.781144
750,Michigan,Arenac,4696.097298
751,Michigan,Baraga,4518.324847
752,Michigan,Barry,23029.93318
753,Michigan,Bay,4548.231956
754,Michigan,Benzie,3300.211865
755,Michigan,Berrien,4298.109566
756,Michigan,Branch,5765.372815
757,Michigan,Calhoun,3170.50264
758,Michigan,Cass,2999.510249
759,Michigan,Charlevoix,8525.834613
760,Michigan,Cheboygan,7976.63108
761,Michigan,Chippewa,3669.754386
762,Michigan,Clare,5780.068942
763,Michigan,Clinton,3871.135095
764,Michigan,Crawford,5109.094148
765,Michigan,Delta,5605.227232
766,Michigan,Dickinson,5479.759459
767,Michigan,Eaton,9047.09302
768,Michigan,Emmet,4396.661058
769,Michigan,Genesee,32936.75628
770,Michigan,Gladwin,4088.180832
771,Michigan,Gogebic,3724.491771
772,Michigan,Grand Traverse,4241.736771
773,Michigan,Gratiot,3160.586722
774,Michigan,Hillsdale,4642.519225
775,Michigan,Houghton,11497.62798
776,Michigan,Huron,8226.590203
777,Michigan,Ingham,33390.94937
778,Michigan,Ionia,12140.0297
779,Michigan,Iosco,4067.805294
780,Michigan,Iron,8394.205722
781,Michigan,Isabella,4457.891681
782,Michigan,Jackson,4371.595882
783,Michigan,Kalamazoo,5514.467428
784,Michigan,Kalkaska,4874.825291
785,Michigan,Kent,7652.835454
786,Michigan,Keweenaw,5345.069625
787,Michigan,Lake,6346.549302
788,Michigan,Lapeer,10570.66501
789,Michigan,Leelanau,3733.984489
790,Michigan,Lenawee,4000.026815
791,Michigan,Livingston,3341.184384
792,Michigan,Luce,5717.288372
793,Michigan,Mackinac,3617.966857
794,Michigan,Macomb,3923.66915
795,Michigan,Manistee,4957.499786
796,Michigan,Marquette,4034.687779
797,Michigan,Mason,7148.231572
798,Michigan,Mecosta,5566.231225
799,Michigan,Menominee,5271.594252
800,Michigan,Midland,3772.149529
801,Michigan,Missaukee,5301.499407
802,Michigan,Monroe,4187.555973
803,Michigan,Montcalm,4540.359778
804,Michigan,Montmorency,3980.476035
805,Michigan,Muskegon,3801.949255
806,Michigan,Newaygo,4531.982316
807,Michigan,Oakland,6768.431319
808,Michigan,Oceana,4183.556108
809,Michigan,Ogemaw,35324.13896
810,Michigan,Ontonagon,3294.653597
811,Michigan,Osceola,3688.998303
812,Michigan,Oscoda,6864.087536
813,Michigan,Otsego,4439.320441
814,Michigan,Ottawa,4349.735966
815,Michigan,Presque Isle,4329.080717
816,Michigan,Roscommon,2955.941362
817,Michigan,Saginaw,5457.363025
818,Michigan,Sanilac,7810.643376
819,Michigan,Schoolcraft,3672.475892
820,Michigan,Shiawassee,5362.734252
821,Michigan,Tuscola,4251.470567
822,Michigan,Van Buren,3420.000197
823,Michigan,Washtenaw,3773.697886
824,Michigan,Wayne,4460.374528
825,Michigan,Wexford,4807.519184
826,Mississippi,Adams,12260.26622
827,Mississippi,Alcorn,3254.76743
828,Mississippi,Amite,4731.490896
829,Mississippi,Attala,35668.87487
830,Mississippi,Benton,3369.483038
831,Mississippi,Bolivar,3641.193825
832,Mississippi,Calhoun,3767.087405
833,Mississippi,Carroll,4957.23393
834,Mississippi,Chickasaw,3494.003402
835,Mississippi,Choctaw,3755.922312
836,Mississippi,Claiborne,3321.720423
837,Mississippi,Clarke,5266.464026
838,Mississippi,Clay,21840.58229
839,Mississippi,Coahoma,6572.855219
840,Mississippi,Copiah,3662.501752
841,Mississippi,Covington,3510.649763
842,Mississippi,Forrest,3911.205024
843,Mississippi,Franklin,4043.918658
844,Mississippi,George,3872.708396
845,Mississippi,Greene,5275.292826
846,Mississippi,Grenada,4303.809877
847,Mississippi,Hancock,4400.122976
848,Mississippi,Harrison,4388.151129
849,Mississippi,Hinds,4188.100243
850,Mississippi,Holmes,3932.773474
851,Mississippi,Humphreys,3406.380568
852,Mississippi,Issaquena,3960.491532
853,Mississippi,Itawamba,4008.269217
854,Mississippi,Jackson,9425.457628
855,Mississippi,Jasper,4917.363299
856,Mississippi,Jefferson,16748.40833
857,Mississippi,Jones,3724.553514
858,Mississippi,Kemper,26631.04804
859,Mississippi,Lafayette,3696.463875
860,Mississippi,Lamar,4831.195846
861,Mississippi,Lauderdale,3559.967853
862,Mississippi,Lawrence,4257.117238
863,Mississippi,Leake,2960.874248
864,Mississippi,Lee,4171.470061
865,Mississippi,Leflore,5951.325473
866,Mississippi,Lincoln,3729.109923
867,Mississippi,Lowndes,7825.609524
868,Mississippi,Madison,4365.700008
869,Mississippi,Marion,5534.193359
870,Mississippi,Marshall,3101.564354
871,Mississippi,Monroe,5047.817584
872,Mississippi,Montgomery,3691.520014
873,Mississippi,Neshoba,4229.739077
874,Mississippi,Newton,3764.802215
875,Mississippi,Noxubee,5950.905037
876,Mississippi,Oktibbeha,4103.735985
877,Mississippi,Panola,7526.850778
878,Mississippi,Pearl River,4201.870389
879,Mississippi,Perry,40448.42046
880,Mississippi,Pike,3809.752469
881,Mississippi,Pontotoc,7831.220367
882,Mississippi,Prentiss,5589.128857
883,Mississippi,Quitman,3150.922683
884,Mississippi,Rankin,2982.594279
885,Mississippi,Scott,3697.039872
886,Mississippi,Sharkey,3731.228648
887,Mississippi,Simpson,3969.469415
888,Mississippi,Smith,3123.125277
889,Mississippi,Stone,8005.276203
890,Mississippi,Sunflower,4320.398826
891,Mississippi,Tallahatchie,4407.652058
892,Mississippi,Tate,3774.377777
893,Mississippi,Tippah,49304.87121
894,Mississippi,Tishomingo,3209.404332
895,Mississippi,Tunica,3807.151895
896,Mississippi,Union,3130.065624
897,Mississippi,Walthall,4771.14002
898,Mississippi,Warren,4388.521533
899,Mississippi,Washington,3497.324539
900,Mississippi,Wayne,4399.865929
901,Mississippi,Webster,4520.572226
902,Mississippi,Wilkinson,11798.73808
903,Mississippi,Winston,3907.623812
904,Mississippi,Yalobusha,3993.977201
905,Mississippi,Yazoo,6329.356719
906,Missouri,Adair,2205.983924
907,Missouri,Andrew,4038.125168
908,Missouri,Atchison,3827.495562
909,Missouri,Audrain,4105.165215
910,Missouri,Barry,3217.187775
911,Missouri,Barton,3489.62005
912,Missouri,Bates,13816.58763
913,Missouri,Benton,6055.675298
914,Missouri,Bollinger,3839.307596
915,Missouri,Boone,3817.568225
916,Missouri,Buchanan,4656.604885
917,Missouri,Butler,5398.924454
918,Missouri,Caldwell,3947.617091
919,Missouri,Callaway,3131.637683
920,Missouri,Camden,3961.497245
921,Missouri,Cape Girardeau,11562.85583
922,Missouri,Carroll,6257.534792
923,Missouri,Carter,5483.224262
924,Missouri,Cass,2749.551553
925,Missouri,Cedar,4063.502569
926,Missouri,Chariton,3067.644833
927,Missouri,Christian,4420.338716
928,Missouri,Clark,3531.403855
929,Missouri,Clay,5479.29972
930,Missouri,Clinton,4595.492503
931,Missouri,Cole,127443.6019
932,Missouri,Cooper,5871.054327
933,Missouri,Crawford,3259.637076
934,Missouri,Dade,3377.978982
935,Missouri,Dallas,4349.241474
936,Missouri,Daviess,4931.937554
937,Missouri,Dent,5449.339286
938,Missouri,Douglas,3601.618992
939,Missouri,Dunklin,28640.93441
940,Missouri,Franklin,5783.851729
941,Missouri,Gasconade,6030.207695
942,Missouri,Gentry,5029.971207
943,Missouri,Greene,5594.837375
944,Missouri,Grundy,3341.402236
945,Missouri,Harrison,7121.076289
946,Missouri,Henry,4948.197
947,Missouri,Hickory,6974.944185
948,Missouri,Holt,4329.747488
949,Missouri,Howard,4023.49368
950,Missouri,Howell,21038.14408
951,Missouri,Iron,4460.211864
952,Missouri,Jackson,4616.639853
953,Missouri,Jasper,3886.459743
954,Missouri,Jefferson,4113.233996
955,Missouri,Johnson,4493.742603
956,Missouri,Knox,3583.58578
957,Missouri,LaClede,4129.277969
958,Missouri,Lafayette,3369.769975
959,Missouri,Lawrence,3575.481819
960,Missouri,Lewis,4901.904262
961,Missouri,Lincoln,7866.676225
962,Missouri,Linn,3634.582808
963,Missouri,Livingston,14033.02651
964,Missouri,Macon,5036.148409
965,Missouri,Madison,4280.683878
966,Missouri,Maries,3523.819258
967,Missouri,Marion,2980.301946
968,Missouri,McDonald,3714.201418
969,Missouri,Mercer,4634.390799
970,Missouri,Miller,3492.686471
971,Missouri,Mississippi,3433.499715
972,Missouri,Moniteau,3942.582228
973,Missouri,Monroe,3420.22667
974,Missouri,Montgomery,3007.376946
975,Missouri,Morgan,3724.174715
976,Missouri,New Madrid,3296.099976
977,Missouri,Newton,3126.262794
978,Missouri,Nodaway,8335.873375
979,Missouri,Oregon,3205.575381
980,Missouri,Osage,4525.332052
981,Missouri,Ozark,3845.67453
982,Missouri,Pemiscot,3342.450586
983,Missouri,Perry,7738.01986
984,Missouri,Pettis,15361.81295
985,Missouri,Phelps,3634.44611
986,Missouri,Pike,5580.152262
987,Missouri,Platte,4436.029338
988,Missouri,Polk,3634.517138
989,Missouri,Pulaski,4644.49822
990,Missouri,Putnam,3271.043096
991,Missouri,Ralls,4785.540995
992,Missouri,Randolph,7222.814185
993,Missouri,Ray,7136.950902
994,Missouri,Reynolds,5691.406508
995,Missouri,Ripley,3170.542477
996,Missouri,Saline,4483.960603
997,Missouri,Schuyler,19374.89459
998,Missouri,Scotland,3540.814769
999,Missouri,Scott,3998.463454
1000,Missouri,Shannon,3335.509849
1001,Missouri,Shelby,3449.976473
1002,Missouri,Stoddard,4310.026052
1003,Missouri,Stone,3010.031575
1004,Missouri,Sullivan,6382.79924
1005,Missouri,Taney,4686.245128
1006,Missouri,Texas,4121.795565
1007,Missouri,Vernon,3863.857846
1008,Missouri,Warren,6345.745395
1009,Missouri,Washington,3641.670189
1010,Missouri,Wayne,4653.515777
1011,Missouri,Webster,3419.725821
1012,Missouri,Worth,4889.939295
1013,Missouri,Wright,4327.231128
1014,Nebraska,Adams,9228.323851
1015,Nebraska,Antelope,3311.195442
1016,Nebraska,Arthur,9726.417757
1017,Nebraska,Banner,27728.16662
1018,Nebraska,Blaine,5918.608268
1019,Nebraska,Boone,3042.907114
1020,Nebraska,Box Butte,3648.287934
1021,Nebraska,Boyd,3955.834409
1022,Nebraska,Brown,14464.29523
1023,Nebraska,Buffalo,4846.554677
1024,Nebraska,Burt,4960.904181
1025,Nebraska,Butler,10619.23853
1026,Nebraska,Cass,3880.987957
1027,Nebraska,Cedar,5239.167039
1028,Nebraska,Chase,4231.166911
1029,Nebraska,Cherry,6342.21223
1030,Nebraska,Cheyenne,3782.830287
1031,Nebraska,Clay,5771.460856
1032,Nebraska,Colfax,3527.568719
1033,Nebraska,Cuming,5873.141648
1034,Nebraska,Custer,5012.384652
1035,Nebraska,Dakota,3780.855102
1036,Nebraska,Dawes,14493.95506
1037,Nebraska,Dawson,6004.407578
1038,Nebraska,Deuel,3959.988197
1039,Nebraska,Dixon,31977.59033
1040,Nebraska,Dodge,7077.574277
1041,Nebraska,Douglas,4211.088702
1042,Nebraska,Dundy,11189.64177
1043,Nebraska,Fillmore,3919.986261
1044,Nebraska,Franklin,4579.753735
1045,Nebraska,Frontier,3454.928695
1046,Nebraska,Furnas,3229.611739
1047,Nebraska,Gage,4452.914725
1048,Nebraska,Garden,2732.52084
1049,Nebraska,Garfield,4038.511282
1050,Nebraska,Gosper,3442.772112
1051,Nebraska,Grant,8228.711643
1052,Nebraska,Greeley,10080.0142
1053,Nebraska,Hall,9658.576437
1054,Nebraska,Hamilton,4076.220041
1055,Nebraska,Harlan,3322.344339
1056,Nebraska,Hayes,4878.286021
1057,Nebraska,Hitchcock,6359.943091
1058,Nebraska,Holt,2130.846615
1059,Nebraska,Hooker,3607.674098
1060,Nebraska,Howard,3528.931436
1061,Nebraska,Jefferson,50103.85467
1062,Nebraska,Johnson,3464.410991
1063,Nebraska,Kearney,14051.94343
1064,Nebraska,Keith,4045.6797
1065,Nebraska,Keya Paha,4860.66464
1066,Nebraska,Kimball,4136.175834
1067,Nebraska,Knox,4877.858865
1068,Nebraska,Lancaster,3344.460724
1069,Nebraska,Lincoln,4013.584988
1070,Nebraska,Logan,4237.783476
1071,Nebraska,Loup,5666.511235
1072,Nebraska,Madison,5211.774371
1073,Nebraska,McPherson,3202.945555
1074,Nebraska,Merrick,3524.45559
1075,Nebraska,Morrill,3159.230024
1076,Nebraska,Nance,3487.088192
1077,Nebraska,Nemaha,7563.933331
1078,Nebraska,Nuckolls,3583.60452
1079,Nebraska,Otoe,4320.738494
1080,Nebraska,Pawnee,4055.725929
1081,Nebraska,Perkins,3350.163453
1082,Nebraska,Phelps,3457.728421
1083,Nebraska,Pierce,3751.0822
1084,Nebraska,Platte,3705.354026
1085,Nebraska,Polk,4454.869017
1086,Nebraska,Red Willow,4849.147543
1087,Nebraska,Richardson,3781.064221
1088,Nebraska,Rock,3555.455204
1089,Nebraska,Saline,3403.737074
1090,Nebraska,Sarpy,4715.200037
1091,Nebraska,Saunders,4421.877822
1092,Nebraska,Scotts Bluff,4379.892446
1093,Nebraska,Seward,4384.2773
1094,Nebraska,Sheridan,4286.853642
1095,Nebraska,Sherman,5850.880405
1096,Nebraska,Sioux,3284.325257
1097,Nebraska,Stanton,4561.653305
1098,Nebraska,Thayer,4438.496352
1099,Nebraska,Thomas,5544.910241
1100,Nebraska,Thurston,4045.796596
1101,Nebraska,Valley,4994.000299
1102,Nebraska,Washington,3475.965536
1103,Nebraska,Wayne,4620.195872
1104,Nebraska,Webster,6547.387139
1105,Nebraska,Wheeler,8217.491191
1106,Nebraska,York,3358.763996
1107,Nevada,Carson City,6819.892484
1108,Nevada,Churchill,5074.457509
1109,Nevada,Clark,6418.73214
1110,Nevada,Douglas,4264.560923
1111,Nevada,Elko,3537.030254
1112,Nevada,Esmeralda,3590.287438
1113,Nevada,Eureka,3057.926567
1114,Nevada,Humboldt,6085.274303
1115,Nevada,Lander,3417.978022
1116,Nevada,Lincoln,4112.675959
1117,Nevada,Lyon,4245.587654
1118,Nevada,Mineral,3722.71122
1119,Nevada,Nye,7842.800442
1120,Nevada,Pershing,3156.78226
1121,Nevada,Storey,3528.166215
1122,Nevada,Washoe,5332.895974
1123,Nevada,White Pine,4344.265573
1124,North Carolina,Alamance,4032.718552
1125,North Carolina,Alexander,7517.569415
1126,North Carolina,Alleghany,4248.343494
1127,North Carolina,Anson,4081.35656
1128,North Carolina,Ashe,43577.75624
1129,North Carolina,Avery,24711.90622
1130,North Carolina,Beaufort,3415.829574
1131,North Carolina,Bertie,3750.313216
1132,North Carolina,Bladen,3957.649546
1133,North Carolina,Brunswick,4038.42001
1134,North Carolina,Buncombe,3778.807468
1135,North Carolina,Burke,3690.422387
1136,North Carolina,Cabarrus,3980.610957
1137,North Carolina,Caldwell,2157.687674
1138,North Carolina,Camden,4223.597518
1139,North Carolina,Carteret,3336.11976
1140,North Carolina,Caswell,3968.952872
1141,North Carolina,Catawba,18317.21971
1142,North Carolina,Chatham,3885.718217
1143,North Carolina,Cherokee,7261.545873
1144,North Carolina,Chowan,2944.929916
1145,North Carolina,Clay,4621.369003
1146,North Carolina,Cleveland,3146.564151
1147,North Carolina,Columbus,4656.17038
1148,North Carolina,Craven,5155.190321
1149,North Carolina,Cumberland,5059.788614
1150,North Carolina,Dare,4059.283976
1151,North Carolina,Davidson,3250.114109
1152,North Carolina,Davie,3871.549121
1153,North Carolina,Duplin,7826.560666
1154,North Carolina,Durham,5012.683463
1155,North Carolina,Edgecombe,17402.96729
1156,North Carolina,Forsyth,6293.134349
1157,North Carolina,Franklin,3425.146882
1158,North Carolina,Gaston,4917.284395
1159,North Carolina,Gates,3713.593138
1160,North Carolina,Graham,3909.722936
1161,North Carolina,Granville,5527.293349
1162,North Carolina,Greene,6217.72129
1163,North Carolina,Guilford,4477.369218
1164,North Carolina,Halifax,5193.341623
1165,North Carolina,Harnett,19308.84941
1166,North Carolina,Haywood,3260.659592
1167,North Carolina,Henderson,6289.681404
1168,North Carolina,Hertford,4171.008988
1169,North Carolina,Hoke,3427.06954
1170,North Carolina,Hyde,4104.88536
1171,North Carolina,Iredell,3682.486795
1172,North Carolina,Jackson,4798.142117
1173,North Carolina,Johnston,3435.505014
1174,North Carolina,Jones,4161.328091
1175,North Carolina,Lee,5771.295672
1176,North Carolina,Lenoir,3145.319768
1177,North Carolina,Lincoln,3455.460265
1178,North Carolina,Macon,3990.609423
1179,North Carolina,Madison,5241.110688
1180,North Carolina,Martin,4533.049449
1181,North Carolina,McDowell,3486.333746
1182,North Carolina,Mecklenburg,3849.453102
1183,North Carolina,Mitchell,3317.63869
1184,North Carolina,Montgomery,5241.615671
1185,North Carolina,Moore,6740.217582
1186,North Carolina,Nash,4014.129238
1187,North Carolina,New Hanover,3560.605593
1188,North Carolina,Northampton,3954.991518
1189,North Carolina,Onslow,3572.129454
1190,North Carolina,Orange,5275.343018
1191,North Carolina,Pamlico,6643.379055
1192,North Carolina,Pasquotank,4594.108695
1193,North Carolina,Pender,4685.303807
1194,North Carolina,Perquimans,4777.330147
1195,North Carolina,Person,3607.017112
1196,North Carolina,Pitt,3716.480676
1197,North Carolina,Polk,4790.010776
1198,North Carolina,Randolph,10161.7737
1199,North Carolina,Richmond,3386.19792
1200,North Carolina,Robeson,5861.403277
1201,North Carolina,Rockingham,3930.122645
1202,North Carolina,Rowan,3288.483349
1203,North Carolina,Rutherford,4468.940825
1204,North Carolina,Sampson,4161.8939
1205,North Carolina,Scotland,4474.935521
1206,North Carolina,Stanly,4581.099274
1207,North Carolina,Stokes,3186.781275
1208,North Carolina,Surry,3377.549743
1209,North Carolina,Swain,4177.492602
1210,North Carolina,Transylvania,4867.318391
1211,North Carolina,Tyrrell,6316.139901
1212,North Carolina,Union,4009.942285
1213,North Carolina,Vance,12153.10211
1214,North Carolina,Wake,7930.902386
1215,North Carolina,Warren,5162.579601
1216,North Carolina,Washington,3354.74925
1217,North Carolina,Watauga,12174.20926
1218,North Carolina,Wayne,3797.148855
1219,North Carolina,Wilkes,12133.4906
1220,North Carolina,Wilson,3132.791198
1221,North Carolina,Yadkin,3861.942265
1222,North Carolina,Yancey,8552.185001
1223,Ohio,Adams,3358.142488
1224,Ohio,Allen,10851.98521
1225,Ohio,Ashland,8735.299119
1226,Ohio,Ashtabula,14987.47522
1227,Ohio,Athens,5626.018329
1228,Ohio,Auglaize,22695.01066
1229,Ohio,Belmont,5461.961708
1230,Ohio,Brown,11917.66557
1231,Ohio,Butler,3154.416492
1232,Ohio,Carroll,3634.13414
1233,Ohio,Champaign,5411.759985
1234,Ohio,Clark,5907.973134
1235,Ohio,Clermont,4881.26349
1236,Ohio,Clinton,11156.23244
1237,Ohio,Columbiana,3389.082088
1238,Ohio,Coshocton,3181.263688
1239,Ohio,Crawford,3108.702948
1240,Ohio,Cuyahoga,3496.74961
1241,Ohio,Darke,4378.128124
1242,Ohio,Defiance,5998.675713
1243,Ohio,Delaware,3585.718216
1244,Ohio,Erie,3666.494613
1245,Ohio,Fairfield,7218.757292
1246,Ohio,Fayette,3942.442874
1247,Ohio,Franklin,3471.752238
1248,Ohio,Fulton,5330.717827
1249,Ohio,Gallia,5934.833748
1250,Ohio,Geauga,3825.870737
1251,Ohio,Greene,8067.92326
1252,Ohio,Guernsey,4588.310368
1253,Ohio,Hamilton,5957.376562
1254,Ohio,Hancock,4057.559382
1255,Ohio,Hardin,14541.34554
1256,Ohio,Harrison,5272.57465
1257,Ohio,Henry,4503.105555
1258,Ohio,Highland,3753.20787
1259,Ohio,Hocking,3212.29143
1260,Ohio,Holmes,10835.28355
1261,Ohio,Huron,5024.641842
1262,Ohio,Jackson,3809.526674
1263,Ohio,Jefferson,12509.01382
1264,Ohio,Knox,4974.361672
1265,Ohio,Lake,4621.502974
1266,Ohio,Lawrence,9275.26275
1267,Ohio,Licking,11235.9197
1268,Ohio,Logan,4103.093333
1269,Ohio,Lorain,15371.76834
1270,Ohio,Lucas,4014.168138
1271,Ohio,Madison,4279.983648
1272,Ohio,Mahoning,8854.216621
1273,Ohio,Marion,4024.822205
1274,Ohio,Medina,3880.157548
1275,Ohio,Meigs,4401.783982
1276,Ohio,Mercer,7117.873114
1277,Ohio,Miami,3802.871074
1278,Ohio,Monroe,3684.874498
1279,Ohio,Montgomery,3811.523262
1280,Ohio,Morgan,153877.429
1281,Ohio,Morrow,5730.648664
1282,Ohio,Muskingum,3686.923935
1283,Ohio,Noble,5116.935579
1284,Ohio,Ottawa,4154.348118
1285,Ohio,Paulding,3567.981461
1286,Ohio,Perry,5130.80358
1287,Ohio,Pickaway,3445.45042
1288,Ohio,Pike,4063.98048
1289,Ohio,Portage,3157.44314
1290,Ohio,Preble,3951.786065
1291,Ohio,Putnam,9965.304977
1292,Ohio,Richland,4263.525218
1293,Ohio,Ross,4083.831692
1294,Ohio,Sandusky,4961.715126
1295,Ohio,Scioto,6212.477594
1296,Ohio,Seneca,38372.63114
1297,Ohio,Shelby,14445.91433
1298,Ohio,Stark,3796.642017
1299,Ohio,Summit,3792.134758
1300,Ohio,Trumbull,3737.056208
1301,Ohio,Tuscarawas,3923.492087
1302,Ohio,Union,3210.058246
1303,Ohio,Van Wert,7184.815088
1304,Ohio,Vinton,8518.78864
1305,Ohio,Warren,3345.505392
1306,Ohio,Washington,10174.2652
1307,Ohio,Wayne,5140.39181
1308,Ohio,Williams,7714.456512
1309,Ohio,Wood,4291.258467
1310,Ohio,Wyandot,3232.767422
1311,Oklahoma,Adair,6865.19046
1312,Oklahoma,Alfalfa,4193.391863
1313,Oklahoma,Atoka,3032.349368
1314,Oklahoma,Beaver,3925.102222
1315,Oklahoma,Beckham,3918.978992
1316,Oklahoma,Blaine,4277.202324
1317,Oklahoma,Bryan,4447.629286
1318,Oklahoma,Caddo,6594.043936
1319,Oklahoma,Canadian,7275.599647
1320,Oklahoma,Carter,4341.642209
1321,Oklahoma,Cherokee,3065.820757
1322,Oklahoma,Choctaw,5527.975218
1323,Oklahoma,Cimarron,23057.40684
1324,Oklahoma,Cleveland,5924.906308
1325,Oklahoma,Coal,4379.081152
1326,Oklahoma,Comanche,3363.175883
1327,Oklahoma,Cotton,3517.537412
1328,Oklahoma,Craig,4749.690448
1329,Oklahoma,Creek,4381.641947
1330,Oklahoma,Custer,3915.912588
1331,Oklahoma,Delaware,3585.376066
1332,Oklahoma,Dewey,4013.292816
1333,Oklahoma,Ellis,3771.172331
1334,Oklahoma,Garfield,3978.24223
1335,Oklahoma,Garvin,4660.260817
1336,Oklahoma,Grady,5594.705055
1337,Oklahoma,Grant,3686.683963
1338,Oklahoma,Greer,3527.973443
1339,Oklahoma,Harmon,3707.99334
1340,Oklahoma,Harper,10727.29033
1341,Oklahoma,Haskell,3098.868796
1342,Oklahoma,Hughes,3865.460952
1343,Oklahoma,Jackson,4835.538751
1344,Oklahoma,Jefferson,3619.870908
1345,Oklahoma,Johnston,3627.596766
1346,Oklahoma,Kay,5955.916339
1347,Oklahoma,Kingfisher,5135.723931
1348,Oklahoma,Kiowa,4963.443919
1349,Oklahoma,Latimer,3747.901936
1350,Oklahoma,Lincoln,3678.014368
1351,Oklahoma,Logan,3949.252359
1352,Oklahoma,Love,3494.188337
1353,Oklahoma,Major,14227.81103
1354,Oklahoma,Marshall,3158.83323
1355,Oklahoma,Mayes,3151.151948
1356,Oklahoma,McClain,3968.937746
1357,Oklahoma,McCurtain,3158.04946
1358,Oklahoma,McIntosh,3787.462114
1359,Oklahoma,Murray,6216.071949
1360,Oklahoma,Muskogee,4163.648041
1361,Oklahoma,Noble,4230.139155
1362,Oklahoma,Nowata,4955.330106
1363,Oklahoma,Okfuskee,23094.1322
1364,Oklahoma,Oklahoma,3101.00064
1365,Oklahoma,Okmulgee,5785.66086
1366,Oklahoma,Osage,7809.290296
1367,Oklahoma,Ottawa,4362.935266
1368,Oklahoma,Pawnee,7673.11038
1369,Oklahoma,Payne,3935.864221
1370,Oklahoma,Pittsburg,3732.867559
1371,Oklahoma,Pontotoc,3560.236133
1372,Oklahoma,Pottawatomie,4375.197132
1373,Oklahoma,Pushmataha,4672.497497
1374,Oklahoma,Roger Mills,7055.013108
1375,Oklahoma,Rogers,4169.81094
1376,Oklahoma,Seminole,4672.514143
1377,Oklahoma,Sequoyah,3528.083627
1378,Oklahoma,Stephens,7069.535574
1379,Oklahoma,Texas,3912.984175
1380,Oklahoma,Tillman,3990.832554
1381,Oklahoma,Tulsa,5892.991378
1382,Oklahoma,Wagoner,3227.915001
1383,Oklahoma,Washington,2557.187222
1384,Oklahoma,Washita,3214.915683
1385,Oklahoma,Woods,4934.71972
1386,Oklahoma,Woodward,3679.061985
1387,South Carolina,Abbeville,3928.931942
1388,South Carolina,Aiken,3810.322165
1389,South Carolina,Allendale,3850.702339
1390,South Carolina,Anderson,4315.782222
1391,South Carolina,Bamberg,4178.058351
1392,South Carolina,Barnwell,42310.91374
1393,South Carolina,Beaufort,4219.629029
1394,South Carolina,Berkeley,5384.767063
1395,South Carolina,Calhoun,3964.585366
1396,South Carolina,Charleston,6400.424106
1397,South Carolina,Cherokee,3604.914382
1398,South Carolina,Chester,3494.866243
1399,South Carolina,Chesterfield,4027.532543
1400,South Carolina,Clarendon,4556.588722
1401,South Carolina,Colleton,5907.740849
1402,South Carolina,Darlington,7971.351606
1403,South Carolina,Dillon,3545.768375
1404,South Carolina,Dorchester,4345.772965
1405,South Carolina,Edgefield,6323.594631
1406,South Carolina,Fairfield,5358.828238
1407,South Carolina,Florence,5221.680267
1408,South Carolina,Georgetown,5060.407713
1409,South Carolina,Greenville,5756.187548
1410,South Carolina,Greenwood,3838.467785
1411,South Carolina,Hampton,18131.43497
1412,South Carolina,Horry,4274.104566
1413,South Carolina,Jasper,3686.532287
1414,South Carolina,Kershaw,5320.491463
1415,South Carolina,Lancaster,4173.920844
1416,South Carolina,Laurens,3567.982069
1417,South Carolina,Lee,21817.92209
1418,South Carolina,Lexington,4194.236672
1419,South Carolina,Marion,4614.730386
1420,South Carolina,Marlboro,4293.203534
1421,South Carolina,McCormick,3584.593722
1422,South Carolina,Newberry,29748.90031
1423,South Carolina,Oconee,8222.076568
1424,South Carolina,Orangeburg,4089.333605
1425,South Carolina,Pickens,4278.12325
1426,South Carolina,Richland,4878.376085
1427,South Carolina,Saluda,3517.975887
1428,South Carolina,Spartanburg,9395.717745
1429,South Carolina,Sumter,5836.589429
1430,South Carolina,Union,4359.331158
1431,South Carolina,Williamsburg,6301.485864
1432,South Carolina,York,3358.375599
1433,Tennessee,Anderson,3448.029217
1434,Tennessee,Bedford,3962.069207
1435,Tennessee,Benton,4373.34589
1436,Tennessee,Bledsoe,9865.261245
1437,Tennessee,Blount,3395.297375
1438,Tennessee,Bradley,4243.399707
1439,Tennessee,Campbell,3325.842461
1440,Tennessee,Cannon,4330.063258
1441,Tennessee,Carroll,4120.452383
1442,Tennessee,Carter,3589.597703
1443,Tennessee,Cheatham,3809.039432
1444,Tennessee,Chester,8592.429125
1445,Tennessee,Claiborne,4024.100148
1446,Tennessee,Clay,4743.111642
1447,Tennessee,Cocke,4509.055294
1448,Tennessee,Coffee,3332.53199
1449,Tennessee,Crockett,4416.455958
1450,Tennessee,Cumberland,11765.60538
1451,Tennessee,Davidson,2874.232043
1452,Tennessee,Decatur,7117.333134
1453,Tennessee,Dickson,3465.127307
1454,Tennessee,Dyer,4264.506539
1455,Tennessee,Fayette,7521.34695
1456,Tennessee,Fentress,3000.49617
1457,Tennessee,Franklin,3722.509769
1458,Tennessee,Gibson,2916.382034
1459,Tennessee,Giles,3567.40635
1460,Tennessee,Grainger,3451.80486
1461,Tennessee,Greene,3577.778497
1462,Tennessee,Grundy,3790.15711
1463,Tennessee,Hamblen,6226.54695
1464,Tennessee,Hamilton,4482.944819
1465,Tennessee,Hancock,12395.95756
1466,Tennessee,Hardeman,8628.243096
1467,Tennessee,Hardin,4272.217867
1468,Tennessee,Hawkins,3471.084585
1469,Tennessee,Haywood,4218.57685
1470,Tennessee,Henderson,3614.22568
1471,Tennessee,Henry,3740.412822
1472,Tennessee,Hickman,3944.199656
1473,Tennessee,Houston,4408.665792
1474,Tennessee,Humphreys,3431.77051
1475,Tennessee,Jackson,3191.901305
1476,Tennessee,Jefferson,8741.913891
1477,Tennessee,Johnson,3708.47772
1478,Tennessee,Knox,4638.268016
1479,Tennessee,Lake,4201.410019
1480,Tennessee,Lauderdale,5048.039618
1481,Tennessee,Lawrence,47044.50358
1482,Tennessee,Lewis,3181.553475
1483,Tennessee,Lincoln,3687.949511
1484,Tennessee,Loudon,8105.561384
1485,Tennessee,Macon,3421.387775
1486,Tennessee,Madison,7477.580552
1487,Tennessee,Marion,3920.243192
1488,Tennessee,Marshall,9337.740446
1489,Tennessee,Maury,4786.658624
1490,Tennessee,McMinn,8472.068096
1491,Tennessee,McNairy,11422.73726
1492,Tennessee,Meigs,4184.023164
1493,Tennessee,Monroe,5796.461265
1494,Tennessee,Montgomery,3693.844103
1495,Tennessee,Moore,6795.017607
1496,Tennessee,Morgan,46994.79408
1497,Tennessee,Obion,22845.81896
1498,Tennessee,Overton,29893.06029
1499,Tennessee,Perry,3551.391854
1500,Tennessee,Pickett,4448.373093
1501,Tennessee,Polk,10753.55546
1502,Tennessee,Putnam,4626.018782
1503,Tennessee,Rhea,4644.306572
1504,Tennessee,Roane,20783.07336
1505,Tennessee,Robertson,3598.453293
1506,Tennessee,Rutherford,19088.33589
1507,Tennessee,Scott,3197.341828
1508,Tennessee,Sequatchie,2638.885244
1509,Tennessee,Sevier,3956.485225
1510,Tennessee,Shelby,4858.832157
1511,Tennessee,Smith,3881.633545
1512,Tennessee,Stewart,3487.9998
1513,Tennessee,Sullivan,3651.957676
1514,Tennessee,Sumner,11071.46014
1515,Tennessee,Tipton,11636.77596
1516,Tennessee,Trousdale,3878.237986
1517,Tennessee,Unicoi,4483.644192
1518,Tennessee,Union,13019.80967
1519,Tennessee,Van Buren,4679.613159
1520,Tennessee,Warren,3262.286727
1521,Tennessee,Washington,16971.37664
1522,Tennessee,Wayne,7355.543147
1523,Tennessee,Weakley,4626.163972
1524,Tennessee,White,7402.565066
1525,Tennessee,Williamson,3619.676962
1526,Tennessee,Wilson,3590.647214
1527,Texas,Anderson,3536.21205
1528,Texas,Andrews,59615.80855
1529,Texas,Angelina,3066.391525
1530,Texas,Aransas,3720.136375
1531,Texas,Archer,6950.967428
1532,Texas,Armstrong,3133.603237
1533,Texas,Atascosa,5020.635235
1534,Texas,Austin,3912.231022
1535,Texas,Bailey,3953.237876
1536,Texas,Bandera,9728.161115
1537,Texas,Bastrop,4629.135488
1538,Texas,Baylor,3508.208272
1539,Texas,Bee,6823.905961
1540,Texas,Bell,5860.903607
1541,Texas,Bexar,6939.487563
1542,Texas,Blanco,3973.296915
1543,Texas,Borden,4297.46541
1544,Texas,Bosque,3799.225488
1545,Texas,Bowie,4281.374799
1546,Texas,Brazoria,3248.924464
1547,Texas,Brazos,4523.113471
1548,Texas,Brewster,7277.583791
1549,Texas,Briscoe,5608.952627
1550,Texas,Brooks,5774.202018
1551,Texas,Brown,14261.30179
1552,Texas,Burleson,4195.18787
1553,Texas,Burnet,3481.5478
1554,Texas,Caldwell,2669.83916
1555,Texas,Calhoun,2953.002631
1556,Texas,Callahan,3010.097316
1557,Texas,Cameron,4003.577905
1558,Texas,Camp,4474.227933
1559,Texas,Carson,10335.68111
1560,Texas,Cass,3590.055042
1561,Texas,Castro,7781.428869
1562,Texas,Chambers,2585.358029
1563,Texas,Cherokee,5237.236574
1564,Texas,Childress,16626.77671
1565,Texas,Clay,4329.057232
1566,Texas,Cochran,4234.253021
1567,Texas,Coke,4657.538417
1568,Texas,Coleman,74644.8468
1569,Texas,Collin,3268.586063
1570,Texas,Collingsworth,4668.207763
1571,Texas,Colorado,4452.407587
1572,Texas,Comal,4416.071523
1573,Texas,Comanche,4653.117947
1574,Texas,Concho,8459.501477
1575,Texas,Cooke,4041.792055
1576,Texas,Coryell,4106.4709
1577,Texas,Cottle,4129.003666
1578,Texas,Crane,10867.29098
1579,Texas,Crockett,6540.980494
1580,Texas,Crosby,4395.372615
1581,Texas,Culberson,5302.625179
1582,Texas,Dallam,3516.41678
1583,Texas,Dallas,3613.396444
1584,Texas,Dawson,3498.280234
1585,Texas,Deaf Smith,4325.866137
1586,Texas,Delta,3728.943082
1587,Texas,Denton,21313.79545
1588,Texas,De Witt,4229.330344
1589,Texas,Dickens,3356.989672
1590,Texas,Dimmit,4133.475724
1591,Texas,Donley,14210.64264
1592,Texas,Duval,15160.69298
1593,Texas,Eastland,3336.293848
1594,Texas,Ector,3856.045756
1595,Texas,Edwards,7239.225892
1596,Texas,Ellis,4321.613759
1597,Texas,El Paso,4041.752131
1598,Texas,Erath,5821.10773
1599,Texas,Falls,3824.456783
1600,Texas,Fannin,3250.1634
1601,Texas,Fayette,4079.063169
1602,Texas,Fisher,3430.532961
1603,Texas,Floyd,8555.036337
1604,Texas,Foard,3355.417691
1605,Texas,Fort Bend,4969.840664
1606,Texas,Franklin,4027.671641
1607,Texas,Freestone,3683.134081
1608,Texas,Frio,4418.597654
1609,Texas,Gaines,3538.071064
1610,Texas,Garza,12129.51651
1611,Texas,Gillespie,10889.62919
1612,Texas,Glasscock,4363.630827
1613,Texas,Goliad,3899.050338
1614,Texas,Gonzales,3880.73436
1615,Texas,Gray,8481.903586
1616,Texas,Grayson,4094.62101
1617,Texas,Gregg,4017.42424
1618,Texas,Grimes,3448.624149
1619,Texas,Guadalupe,3840.824744
1620,Texas,Hale,4773.499607
1621,Texas,Hall,3782.381329
1622,Texas,Hamilton,21565.02499
1623,Texas,Hansford,3814.331059
1624,Texas,Hardeman,4477.059683
1625,Texas,Hardin,4061.977327
1626,Texas,Harris,4924.016482
1627,Texas,Harrison,6249.915214
1628,Texas,Hartley,4646.55834
1629,Texas,Haskell,4001.66774
1630,Texas,Hays,4167.06193
1631,Texas,Hemphill,4150.646998
1632,Texas,Henderson,10545.97188
1633,Texas,Hidalgo,3831.76775
1634,Texas,Hill,4163.23141
1635,Texas,Hockley,3942.06384
1636,Texas,Hood,5624.357177
1637,Texas,Hopkins,4052.868419
1638,Texas,Houston,6799.938234
1639,Texas,Howard,3033.575844
1640,Texas,Hudspeth,3915.305953
1641,Texas,Hunt,6931.20389
1642,Texas,Hutchinson,11547.42945
1643,Texas,Irion,5680.909036
1644,Texas,Jack,4202.294411
1645,Texas,Jackson,5179.606641
1646,Texas,Jasper,4216.412536
1647,Texas,Jeff Davis,13769.8022
1648,Texas,Jefferson,8971.904752
1649,Texas,Jim Hogg,6023.351571
1650,Texas,Jim Wells,4279.071609
1651,Texas,Johnson,5412.211887
1652,Texas,Jones,13264.64582
1653,Texas,Karnes,5617.205433
1654,Texas,Kaufman,4262.481458
1655,Texas,Kendall,3120.627828
1656,Texas,Kenedy,3708.760855
1657,Texas,Kent,11298.79546
1658,Texas,Kerr,4262.884976
1659,Texas,Kimble,7560.536587
1660,Texas,King,3452.944014
1661,Texas,Kinney,24424.38476
1662,Texas,Kleberg,3350.192025
1663,Texas,Knox,4813.122389
1664,Texas,Lamar,4183.856512
1665,Texas,Lamb,3060.715049
1666,Texas,Lampasas,6879.907473
1667,Texas,La Salle,3945.475058
1668,Texas,Lee,3653.598013
1669,Texas,Leon,38497.83826
1670,Texas,Liberty,5125.95126
1671,Texas,Limestone,6609.817274
1672,Texas,Lipscomb,3865.381767
1673,Texas,Live Oak,6269.282406
1674,Texas,Llano,3826.531079
1675,Texas,Loving,3796.268877
1676,Texas,Lubbock,3813.318483
1677,Texas,Lynn,4126.209223
1678,Texas,Madison,3570.675102
1679,Texas,Marion,28785.7617
1680,Texas,Martin,4832.768581
1681,Texas,Mason,4775.01407
1682,Texas,Matagorda,4566.505196
1683,Texas,Maverick,3766.6281
1684,Texas,McCulloch,4015.529002
1685,Texas,McLennan,3818.657592
1686,Texas,McMullen,3965.595091
1687,Texas,Medina,4649.137645
1688,Texas,Menard,3649.32307
1689,Texas,Midland,4061.843568
1690,Texas,Milam,4800.137962
1691,Texas,Mills,5684.763304
1692,Texas,Mitchell,5126.481721
1693,Texas,Montague,3705.767165
1694,Texas,Montgomery,4391.725485
1695,Texas,Moore,3468.665104
1696,Texas,Morris,4816.855231
1697,Texas,Motley,5537.056799
1698,Texas,Nacogdoches,3570.739243
1699,Texas,Navarro,3889.547518
1700,Texas,Newton,3960.875212
1701,Texas,Nolan,4877.601605
1702,Texas,Nueces,4079.126027
1703,Texas,Ochiltree,25145.8138
1704,Texas,Oldham,4162.591838
1705,Texas,Orange,37208.73915
1706,Texas,Palo Pinto,3721.903535
1707,Texas,Panola,3672.804955
1708,Texas,Parker,5746.688847
1709,Texas,Parmer,3794.861079
1710,Texas,Pecos,2912.206949
1711,Texas,Polk,7924.134192
1712,Texas,Potter,3531.068354
1713,Texas,Presidio,4275.16939
1714,Texas,Rains,3107.856649
1715,Texas,Randall,6717.144898
1716,Texas,Reagan,3879.061025
1717,Texas,Real,7168.31168
1718,Texas,Red River,22021.78146
1719,Texas,Reeves,3837.118212
1720,Texas,Refugio,10101.68671
1721,Texas,Roberts,3911.937547
1722,Texas,Robertson,3765.118148
1723,Texas,Rockwall,4096.84737
1724,Texas,Runnels,6524.434316
1725,Texas,Rusk,3143.887354
1726,Texas,Sabine,8658.675158
1727,Texas,San Augustine,4736.095099
1728,Texas,San Jacinto,4833.602952
1729,Texas,San Patricio,3183.03145
1730,Texas,San Saba,4861.042572
1731,Texas,Schleicher,8269.688355
1732,Texas,Scurry,6509.906496
1733,Texas,Shackelford,7422.426196
1734,Texas,Shelby,4308.833996
1735,Texas,Sherman,12069.36319
1736,Texas,Smith,5058.802723
1737,Texas,Somervell,3611.503753
1738,Texas,Starr,4295.412125
1739,Texas,Stephens,29037.62215
1740,Texas,Sterling,31236.96894
1741,Texas,Stonewall,3226.447495
1742,Texas,Sutton,3630.947365
1743,Texas,Swisher,8255.000597
1744,Texas,Tarrant,4030.970649
1745,Texas,Taylor,3563.975642
1746,Texas,Terrell,8865.688194
1747,Texas,Terry,4174.064647
1748,Texas,Throckmorton,7239.870819
1749,Texas,Titus,3657.639486
1750,Texas,Tom Green,3443.006803
1751,Texas,Travis,4989.137249
1752,Texas,Trinity,3506.650218
1753,Texas,Tyler,3581.691371
1754,Texas,Upshur,4965.970635
1755,Texas,Upton,3929.556646
1756,Texas,Uvalde,3817.134523
1757,Texas,Val Verde,4154.346723
1758,Texas,Van Zandt,3731.592267
1759,Texas,Victoria,4535.031351
1760,Texas,Walker,14700.84414
1761,Texas,Waller,3905.729123
1762,Texas,Ward,3365.744878
1763,Texas,Washington,3936.513045
1764,Texas,Webb,6511.441177
1765,Texas,Wharton,7598.234125
1766,Texas,Wheeler,5629.307571
1767,Texas,Wichita,3474.636048
1768,Texas,Wilbarger,4153.40456
1769,Texas,Willacy,3170.37311
1770,Texas,Williamson,3280.406265
1771,Texas,Wilson,3629.720888
1772,Texas,Winkler,3457.566093
1773,Texas,Wise,3864.327894
1774,Texas,Wood,5074.753494
1775,Texas,Yoakum,3552.789826
1776,Texas,Young,6266.362148
1777,Texas,Zapata,4160.227073
1778,Texas,Zavala,5279.252289
1779,Utah,Beaver,5131.623411
1780,Utah,Box Elder,4855.404057
1781,Utah,Cache,4454.334679
1782,Utah,Carbon,10050.3057
1783,Utah,Daggett,5601.508792
1784,Utah,Davis,4008.152591
1785,Utah,Duchesne,5149.014055
1786,Utah,Emery,4110.010557
1787,Utah,Garfield,3487.755369
1788,Utah,Grand,3532.456153
1789,Utah,Iron,5978.730478
1790,Utah,Juab,3329.662935
1791,Utah,Kane,4982.356581
1792,Utah,Millard,5723.454391
1793,Utah,Morgan,4540.202013
1794,Utah,Piute,3600.588476
1795,Utah,Rich,3860.863739
1796,Utah,Salt Lake,3305.184983
1797,Utah,San Juan,65869.11047
1798,Utah,Sanpete,3931.144431
1799,Utah,Sevier,3382.131361
1800,Utah,Summit,5056.476709
1801,Utah,Tooele,4105.774842
1802,Utah,Uintah,4220.39085
1803,Utah,Utah,4268.322087
1804,Utah,Wasatch,3607.357532
1805,Utah,Washington,3093.052275
1806,Utah,Wayne,3388.402612
1807,Utah,Weber,6305.153788
1808,Vermont,Addison,4029.262595
1809,Vermont,Bennington,5136.079368
1810,Vermont,Chittenden,35415.88995
1811,Vermont,Essex,3663.722349
1812,Vermont,Franklin,3592.936087
1813,Vermont,Grand Isle,4779.405263
1814,Vermont,Orange,3991.990388
1815,Vermont,Rutland,4069.583128
1816,Vermont,Washington,12805.23433
1817,Vermont,Windham,3404.678489
1818,Vermont,Windsor,3879.804331
1819,Virginia,Albemarle,3601.918358
1820,Virginia,Alleghany,3641.910262
1821,Virginia,Amelia,71045.17634
1822,Virginia,Amherst,3846.266376
1823,Virginia,Appomattox,3712.48379
1824,Virginia,Arlington,4120.677758
1825,Virginia,Augusta,4585.317107
1826,Virginia,Bath,3539.556388
1827,Virginia,Bedford,6313.965585
1828,Virginia,Bland,3614.338641
1829,Virginia,Botetourt,4085.311361
1830,Virginia,Brunswick,3352.348252
1831,Virginia,Buchanan,3734.505713
1832,Virginia,Buckingham,3343.441064
1833,Virginia,Campbell,3706.586583
1834,Virginia,Caroline,8178.020459
1835,Virginia,Carroll,3309.982391
1836,Virginia,Charles City,4926.203416
1837,Virginia,Charlotte,3560.357569
1838,Virginia,Chesterfield,10765.73006
1839,Virginia,Clarke,4528.429951
1840,Virginia,Craig,3746.050088
1841,Virginia,Culpeper,3549.010149
1842,Virginia,Cumberland,4161.694684
1843,Virginia,Dickenson,13536.13971
1844,Virginia,Dinwiddie,3132.474933
1845,Virginia,Essex,3296.208065
1846,Virginia,Fairfax,3794.003945
1847,Virginia,Fauquier,4485.652111
1848,Virginia,Floyd,4045.279105
1849,Virginia,Fluvanna,4211.20186
1850,Virginia,Franklin,15286.58547
1851,Virginia,Frederick,3802.286302
1852,Virginia,Giles,6166.261208
1853,Virginia,Gloucester,5794.481372
1854,Virginia,Goochland,3417.743697
1855,Virginia,Grayson,3984.542387
1856,Virginia,Greene,3572.951564
1857,Virginia,Greensville,4580.256696
1858,Virginia,Halifax,4015.505999
1859,Virginia,Hampton,4558.192947
1860,Virginia,Hanover,3543.670043
1861,Virginia,Henrico,19691.01193
1862,Virginia,Henry,4082.56118
1863,Virginia,Highland,6146.13005
1864,Virginia,Isle of Wight,2952.899992
1865,Virginia,James City,3656.290852
1866,Virginia,King and Queen,4546.130387
1867,Virginia,King George,7332.513066
1868,Virginia,King William,4030.398775
1869,Virginia,Lancaster,3943.556803
1870,Virginia,Lee,4360.707683
1871,Virginia,Loudoun,7094.015037
1872,Virginia,Louisa,4081.121726
1873,Virginia,Lunenburg,3433.555825
1874,Virginia,Madison,4041.344672
1875,Virginia,Mathews,3702.865768
1876,Virginia,Mecklenburg,6312.570254
1877,Virginia,Middlesex,24537.84207
1878,Virginia,Montgomery,4218.104969
1879,Virginia,Nelson,4206.965697
1880,Virginia,New Kent,4400.629059
1881,Virginia,Newport News,5046.29387
1882,Virginia,Norfolk,4053.022278
1883,Virginia,Northampton,6498.624127
1884,Virginia,Northumberland,3717.374933
1885,Virginia,Nottoway,3539.614678
1886,Virginia,Orange,5055.623329
1887,Virginia,Page,3320.244231
1888,Virginia,Patrick,4991.948816
1889,Virginia,Pittsylvania,4192.985093
1890,Virginia,Powhatan,3894.881138
1891,Virginia,Prince Edward,4163.136456
1892,Virginia,Prince George,4194.922756
1893,Virginia,Prince William,7658.574742
1894,Virginia,Pulaski,3125.515808
1895,Virginia,Rappahannock,8235.335532
1896,Virginia,Richmond,15058.77894
1897,Virginia,Roanoke,3822.641866
1898,Virginia,Rockbridge,3818.827132
1899,Virginia,Rockingham,17773.76798
1900,Virginia,Russell,4248.646927
1901,Virginia,Scott,12072.4967
1902,Virginia,Shenandoah,4248.574976
1903,Virginia,Smyth,3999.897392
1904,Virginia,Southampton,3814.072499
1905,Virginia,Spotsylvania,3653.477196
1906,Virginia,Stafford,4447.363667
1907,Virginia,Suffolk,5298.713378
1908,Virginia,Surry,3988.20075
1909,Virginia,Sussex,3963.948629
1910,Virginia,Tazewell,3983.600077
1911,Virginia,Virginia Beach,4434.385488
1912,Virginia,Warren,4037.542012
1913,Virginia,Washington,11508.40342
1914,Virginia,Westmoreland,3700.577564
1915,Virginia,Wise,6698.766283
1916,Virginia,Wythe,9529.002921
1917,Virginia,York,4251.601541
1918,New Hampshire,Belknap,5811.056302
1919,New Hampshire,Carroll,10545.68644
1920,New Hampshire,Cheshire,3432.79551
1921,New Hampshire,Coos,3946.583657
1922,New Hampshire,Grafton,3525.433509
1923,New Hampshire,Hillsborough,25330.09769
1924,New Hampshire,Merrimack,13824.563
1925,New Hampshire,Rockingham,3710.044148
1926,New Hampshire,Strafford,3933.6725
1927,New Hampshire,Sullivan,3374.814119
1928,New York,Albany,3051.392614
1929,New York,Bronx,6749.620157
1930,New York,Cayuga,21214.22633
1931,New York,Clinton,5393.040119
1932,New York,Erie,5124.416468
1933,New York,Essex,3916.000111
1934,New York,Franklin,25844.73518
1935,New York,Jefferson,8917.856246
1936,New York,Monroe,10987.02654
1937,New York,Nassau,3777.874064
1938,New York,Queens,12253.03818
1939,New York,Suffolk,3742.630204
